layer,channel,baseline_eo,pruned_eo,delta_eo,delta_eo_abs,phi,perf
features.10.conv.1.0,0,0.22893262511892457,0.22893262511892457,0.0,0.0,0.0,0.0
features.10.conv.1.0,1,0.22893262511892457,0.22473319289516777,-0.004199432223756794,0.004199432223756794,3.105951407178509e-08,2.947747379522525e-09
features.10.conv.1.0,2,0.22893262511892457,0.22843642000149023,-0.0004962051174343396,0.0004962051174343396,1.4255051361544702e-08,1.903067925468349e-09
features.10.conv.1.0,3,0.22893262511892457,0.22604840006602572,-0.0028842250528988422,0.0028842250528988422,6.560934195931623e-08,4.385852792054834e-10
features.10.conv.1.0,4,0.22893262511892457,0.22739654391225855,-0.0015360812066660123,0.0015360812066660123,1.1983490644240646e-08,7.890469611027129e-09
features.10.conv.1.0,5,0.22893262511892457,0.22894020862533165,7.583506407088381e-06,7.583506407088381e-06,1.6750853149005707e-08,2.0857591209733073e-08
features.10.conv.1.0,6,0.22893262511892457,0.22907011205622177,0.0001374869372972043,0.0001374869372972043,2.070782123553272e-08,2.7227926580053463e-09
features.10.conv.1.0,7,0.22893262511892457,0.22654166615255006,-0.0023909589663745068,0.0023909589663745068,7.350579522835687e-08,1.6458969298582815e-08
features.10.conv.1.0,8,0.22893262511892457,0.22879826564650438,-0.00013435947242018687,0.00013435947242018687,8.838604514949111e-09,8.53842596626464e-09
features.10.conv.1.0,9,0.22893262511892457,0.22866895289802977,-0.00026367222089479503,0.00026367222089479503,1.9597464984144608e-08,2.2411605016259273e-08
features.10.conv.1.0,10,0.22893262511892457,0.22186690677434098,-0.0070657183445835825,0.0070657183445835825,6.541753094779779e-08,1.3820419253463001e-09
features.10.conv.1.0,11,0.22893262511892457,0.22828312584964217,-0.0006494992692823998,0.0006494992692823998,1.813787164905989e-08,3.382402802287743e-09
features.10.conv.1.0,12,0.22893262511892457,0.22724237309472448,-0.0016902520242000896,0.0016902520242000896,2.1289769946974957e-08,2.664392484419409e-09
features.10.conv.1.0,13,0.22893262511892457,0.22854447061476513,-0.0003881545041594381,0.0003881545041594381,9.75676499592737e-08,2.1250385895399404e-09
features.10.conv.1.0,14,0.22893262511892457,0.22747789767325824,-0.0014547274456663262,0.0014547274456663262,8.137754292647514e-08,8.821994246233089e-10
features.10.conv.1.0,15,0.22893262511892457,0.2305663354358639,0.0016337103169393463,0.0016337103169393463,3.581401841756815e-08,1.4652058455411066e-09
features.10.conv.1.0,16,0.22893262511892457,0.22959653296730986,0.0006639078483852978,0.0006639078483852978,2.5003199510820195e-08,2.756063821607313e-09
features.10.conv.1.0,17,0.22893262511892457,0.23047491306317605,0.0015422879442514859,0.0015422879442514859,6.041650379984276e-08,1.0607883460522771e-08
features.10.conv.1.0,18,0.22893262511892457,0.22837893156974853,-0.000553693549176032,0.000553693549176032,6.230659987949139e-09,3.0162317088411328e-09
features.10.conv.1.0,19,0.22893262511892457,0.22852092141359165,-0.00041170370533291645,0.00041170370533291645,8.02229926932796e-09,1.6840395744566194e-09
features.10.conv.1.0,20,0.22893262511892457,0.2265401492851274,-0.002392475833797175,0.002392475833797175,4.234228256905226e-08,7.353795350439896e-09
features.10.conv.1.0,21,0.22893262511892457,0.23040387350569655,0.0014712483867719839,0.0014712483867719839,2.1613880463178248e-08,3.810356918876323e-09
features.10.conv.1.0,22,0.22893262511892457,0.22846369396673102,-0.0004689311521935413,0.0004689311521935413,4.4870656523698926e-08,1.0214340484537843e-09
features.10.conv.1.0,23,0.22893262511892457,0.22798703788237662,-0.0009455872365479456,0.0009455872365479456,3.3778718488974846e-08,4.033575695672198e-09
features.10.conv.1.0,24,0.22893262511892457,0.2289021509946953,-3.0474124229268318e-05,3.0474124229268318e-05,1.3448173241670247e-08,2.1986452658495637e-09
features.10.conv.1.0,25,0.22893262511892457,0.2275030399209779,-0.00142958519794667,0.00142958519794667,1.4730149189290387e-07,3.064007936259827e-09
features.10.conv.1.0,26,0.22893262511892457,0.22867978342844106,-0.00025284169048350735,0.00025284169048350735,3.2740661737307164e-08,1.6252612589084947e-09
features.10.conv.1.0,27,0.22893262511892457,0.23254940919100425,0.0036167840720796873,0.0036167840720796873,4.181038448791696e-08,9.651206944738533e-09
features.10.conv.1.0,28,0.22893262511892457,0.2286672490669902,-0.0002653760519343573,0.0002653760519343573,1.8686295177872125e-08,4.416056409439761e-09
features.10.conv.1.0,29,0.22893262511892457,0.22927186034331856,0.00033923522439399667,0.00033923522439399667,1.012663801702729e-07,5.16614528933701e-10
features.10.conv.1.0,30,0.22893262511892457,0.23410625242973432,0.005173627310809753,0.005173627310809753,2.1487265655650845e-07,8.685463459556786e-10
features.10.conv.1.0,31,0.22893262511892457,0.228857768394499,-7.485672442555935e-05,7.485672442555935e-05,2.1659806392904102e-08,4.639897355218636e-09
features.10.conv.1.0,32,0.22893262511892457,0.2285359688672784,-0.00039665625164617135,0.00039665625164617135,2.143409361110571e-08,1.4419101468376994e-09
features.10.conv.1.0,33,0.22893262511892457,0.22894767257261142,1.5047453686856116e-05,1.5047453686856116e-05,5.9307133426500513e-08,5.536476166412285e-09
features.10.conv.1.0,34,0.22893262511892457,0.22937542128359711,0.0004427961646725487,0.0004427961646725487,6.943447772300715e-08,1.1488721973762495e-08
features.10.conv.1.0,35,0.22893262511892457,0.23108294042296837,0.002150315304043804,0.002150315304043804,1.4399451231383864e-07,8.853719979384778e-10
features.10.conv.1.0,36,0.22893262511892457,0.228135188925942,-0.0007974361929825591,0.0007974361929825591,5.897366861518094e-08,9.300518133414926e-10
features.10.conv.1.0,37,0.22893262511892457,0.22613245319536918,-0.002800171923555389,0.002800171923555389,8.63474625134586e-08,7.064520080035663e-10
features.10.conv.1.0,38,0.22893262511892457,0.22991989489981615,0.0009872697808915865,0.0009872697808915865,1.2024446327529859e-08,1.163128704462224e-09
features.10.conv.1.0,39,0.22893262511892457,0.22444433504654937,-0.004488290072375195,0.004488290072375195,8.806350138002017e-08,1.0740753841886885e-09
features.10.conv.1.0,40,0.22893262511892457,0.22990651235608062,0.0009738872371560514,0.0009738872371560514,1.514035119498658e-07,1.083320655403952e-09
features.10.conv.1.0,41,0.22893262511892457,0.22916013712061425,0.00022751200168968921,0.00022751200168968921,2.3396131254571628e-08,1.416341888216266e-08
features.10.conv.1.0,42,0.22893262511892457,0.228407083527828,-0.0005255415910965788,0.0005255415910965788,2.1998955546109755e-08,5.099228594929173e-09
features.10.conv.1.0,43,0.22893262511892457,0.23095036409247396,0.002017738973549399,0.002017738973549399,6.575439925882165e-08,4.851811841177778e-09
features.10.conv.1.0,44,0.22893262511892457,0.22819685007024887,-0.0007357750486756964,0.0007357750486756964,3.318476871072562e-08,1.2737949584007424e-10
features.10.conv.1.0,45,0.22893262511892457,0.22870279227823784,-0.00022983284068672782,0.00022983284068672782,3.1850539983224735e-08,1.5514186602061386e-09
features.10.conv.1.0,46,0.22893262511892457,0.22744851134601465,-0.0014841137729099119,0.0014841137729099119,2.5650455981462983e-08,1.2956163253363684e-08
features.10.conv.1.0,47,0.22893262511892457,0.227551095273801,-0.0013815298451235747,0.0013815298451235747,9.539355971810437e-08,1.500386481723126e-08
features.10.conv.1.0,48,0.22893262511892457,0.22870473522753199,-0.00022788989139257976,0.00022788989139257976,3.290445604875458e-08,1.0648467663187944e-09
features.10.conv.1.0,49,0.22893262511892457,0.22868900203424541,-0.00024362308467915095,0.00024362308467915095,2.0239099285390694e-08,2.363562012774878e-09
features.10.conv.1.0,50,0.22893262511892457,0.22817097125544433,-0.0007616538634802328,0.0007616538634802328,4.425926647400047e-08,1.22254772971786e-09
features.10.conv.1.0,51,0.22893262511892457,0.22957828535463454,0.0006456602357099717,0.0006456602357099717,2.5688930094247553e-08,2.9697992953714447e-09
features.10.conv.1.0,52,0.22893262511892457,0.21237489041341115,-0.016557734705513416,0.016557734705513416,1.0297171115780657e-07,7.469690643802096e-09
features.10.conv.1.0,53,0.22893262511892457,0.23077245182052752,0.001839826701602959,0.001839826701602959,1.2621869416307163e-07,1.5486210092063857e-09
features.10.conv.1.0,54,0.22893262511892457,0.2294379306101887,0.0005053054912641242,0.0005053054912641242,4.719553459153758e-08,4.344686388435548e-09
features.10.conv.1.0,55,0.22893262511892457,0.22831783842951325,-0.0006147866894113119,0.0006147866894113119,6.326973789327894e-08,1.192250853598864e-09
features.10.conv.1.0,56,0.22893262511892457,0.23009425495216684,0.001161629833242278,0.001161629833242278,1.7276942543276164e-08,5.998072705182267e-09
features.10.conv.1.0,57,0.22893262511892457,0.22970831398752303,0.0007756888685984675,0.0007756888685984675,5.8159216109743284e-08,2.0453042037793523e-10
features.10.conv.1.0,58,0.22893262511892457,0.22761246827697823,-0.001320156841946335,0.001320156841946335,3.938594872465728e-08,2.8125297646397485e-09
features.10.conv.1.0,59,0.22893262511892457,0.23125218717759038,0.0023195620586658194,0.0023195620586658194,7.794213985334864e-08,4.157881150490539e-09
features.10.conv.1.0,60,0.22893262511892457,0.22965878612118487,0.000726161002260306,0.000726161002260306,2.1297632102346142e-08,4.306558665234661e-08
features.10.conv.1.0,61,0.22893262511892457,0.22933072554388195,0.0003981004249573872,0.0003981004249573872,3.920413149671731e-08,2.128623943775665e-09
features.10.conv.1.0,62,0.22893262511892457,0.22554423104137325,-0.0033883940775513155,0.0033883940775513155,1.3775880880473323e-08,2.716922864465232e-08
features.10.conv.1.0,63,0.22893262511892457,0.2281632213248941,-0.0007694037940304543,0.0007694037940304543,2.9800775180888195e-08,3.39495431767034e-09
features.10.conv.1.0,64,0.22893262511892457,0.22936902096562017,0.0004363958466956086,0.0004363958466956086,3.483065924569928e-08,2.230060802688172e-09
features.10.conv.1.0,65,0.22893262511892457,0.22855935693393087,-0.00037326818499369696,0.00037326818499369696,6.995202195270167e-09,6.801711194270865e-09
features.10.conv.1.0,66,0.22893262511892457,0.2300036584176799,0.001071033298755325,0.001071033298755325,9.605531481327034e-09,1.4281194005150155e-08
features.10.conv.1.0,67,0.22893262511892457,0.22448198846194067,-0.004450636656983892,0.004450636656983892,9.101682252321552e-08,5.930266833154008e-10
features.10.conv.1.0,68,0.22893262511892457,0.22421897795616003,-0.004713647162764539,0.004713647162764539,6.096575333458532e-08,1.7239301541849272e-08
features.10.conv.1.0,69,0.22893262511892457,0.2271753595344343,-0.0017572655844902696,0.0017572655844902696,3.679334881212526e-08,3.873982468149961e-09
features.10.conv.1.0,70,0.22893262511892457,0.22725879731723297,-0.0016738278016915908,0.0016738278016915908,2.875070492791565e-08,3.064641020955605e-07
features.10.conv.1.0,71,0.22893262511892457,0.2301097284877251,0.0011771033688005306,0.0011771033688005306,1.755719836182834e-08,2.4164772405299573e-09
features.10.conv.1.0,72,0.22893262511892457,0.2280972977194488,-0.0008353273994757549,0.0008353273994757549,8.5541714156534e-08,1.9545380869345763e-09
features.10.conv.1.0,73,0.22893262511892457,0.2294541897357068,0.0005215646167822385,0.0005215646167822385,8.424414943419833e-08,1.0476758127708763e-08
features.10.conv.1.0,74,0.22893262511892457,0.22866127615803744,-0.00027134896088712446,0.00027134896088712446,1.238984470575133e-08,3.336710241441665e-09
features.10.conv.1.0,75,0.22893262511892457,0.22748505078207557,-0.0014475743368490002,0.0014475743368490002,1.8638470322684952e-08,6.672573604760146e-09
features.10.conv.1.0,76,0.22893262511892457,0.22915788764857595,0.00022526252965138216,0.00022526252965138216,6.130797203240945e-08,6.047351952531699e-09
features.10.conv.1.0,77,0.22893262511892457,0.2288146885418601,-0.0001179365770644647,0.0001179365770644647,1.4710550111374232e-08,1.5175847245529894e-09
features.10.conv.1.0,78,0.22893262511892457,0.2295406082680066,0.0006079831490820309,0.0006079831490820309,2.7883189090971428e-08,9.747503915136235e-10
features.10.conv.1.0,79,0.22893262511892457,0.23024477502689794,0.0013121499079733756,0.0013121499079733756,1.3492226003108954e-08,1.1268888044924097e-09
features.10.conv.1.0,80,0.22893262511892457,0.2303466460588359,0.0014140209399113313,0.0014140209399113313,4.024145638936716e-08,2.0837005454410473e-09
features.10.conv.1.0,81,0.22893262511892457,0.23003887589386243,0.001106250774937867,0.001106250774937867,1.7159438314706676e-08,3.982341123531796e-09
features.10.conv.1.0,82,0.22893262511892457,0.22986830801006844,0.0009356828911438742,0.0009356828911438742,1.8526117528949726e-08,2.3673818461134033e-09
features.10.conv.1.0,83,0.22893262511892457,0.2287928628804934,-0.0001397622384311792,0.0001397622384311792,5.621991050475117e-08,3.9122962647297754e-08
features.10.conv.1.0,84,0.22893262511892457,0.22723208820531193,-0.0017005369136126325,0.0017005369136126325,2.900607398714783e-08,2.9555975444850446e-09
features.10.conv.1.0,85,0.22893262511892457,0.2290023400622203,6.971494329574557e-05,6.971494329574557e-05,1.9793315431115843e-08,1.7623241754805008e-09
features.10.conv.1.0,86,0.22893262511892457,0.22952594003117543,0.0005933149122508696,0.0005933149122508696,3.932917280735637e-08,4.208131176852703e-09
features.10.conv.1.0,87,0.22893262511892457,0.22669851119684112,-0.002234113922083447,0.002234113922083447,3.442797691377564e-08,5.3175693182083705e-08
features.10.conv.1.0,88,0.22893262511892457,0.2292047793785389,0.0002721542596143267,0.0002721542596143267,4.699863964674478e-08,4.7818038417801745e-09
features.10.conv.1.0,89,0.22893262511892457,0.22866957123314002,-0.00026305388578454214,0.00026305388578454214,5.271460423728058e-08,3.042993634849722e-09
features.10.conv.1.0,90,0.22893262511892457,0.22923217290290698,0.0002995477839824179,0.0002995477839824179,1.1712262271146301e-08,1.3477299276587473e-09
features.10.conv.1.0,91,0.22893262511892457,0.22785803298379886,-0.0010745921351257015,0.0010745921351257015,7.058318374220107e-09,2.472503624062483e-08
features.10.conv.1.0,92,0.22893262511892457,0.22957352279036028,0.000640897671435714,0.000640897671435714,3.135894388606175e-08,1.9496630976334473e-09
features.10.conv.1.0,93,0.22893262511892457,0.22830857775186883,-0.0006240473670557356,0.0006240473670557356,4.3092672541433785e-08,1.442076040802931e-07
features.10.conv.1.0,94,0.22893262511892457,0.22907731634577314,0.00014469122684857005,0.00014469122684857005,8.968020104305197e-09,1.2329562371071745e-10
features.10.conv.1.0,95,0.22893262511892457,0.23010880495702346,0.0011761798380988953,0.0011761798380988953,2.73074896028902e-08,8.756160241318867e-10
features.10.conv.1.0,96,0.22893262511892457,0.22880027996275729,-0.0001323451561672795,0.0001323451561672795,3.2400464533566264e-08,6.922045714397029e-10
features.10.conv.1.0,97,0.22893262511892457,0.2283860163001726,-0.0005466088187519591,0.0005466088187519591,2.0674633560702205e-08,1.8729060524691477e-09
features.10.conv.1.0,98,0.22893262511892457,0.22898051440085354,4.788928192897557e-05,4.788928192897557e-05,3.9777674487595505e-08,4.636359296483761e-09
features.10.conv.1.0,99,0.22893262511892457,0.2304350605257741,0.0015024354068495227,0.0015024354068495227,1.9141336338179826e-07,2.2190994874993208e-10
features.10.conv.1.0,100,0.22893262511892457,0.22798590023180956,-0.0009467248871150025,0.0009467248871150025,3.389599001479837e-08,9.256041266780812e-09
features.10.conv.1.0,101,0.22893262511892457,0.2286755651780129,-0.00025705994091165807,0.00025705994091165807,4.049832469377179e-08,1.0238331071832363e-08
features.10.conv.1.0,102,0.22893262511892457,0.22956939910067006,0.0006367739817454976,0.0006367739817454976,2.0752523255396227e-08,1.214747635813751e-09
features.10.conv.1.0,103,0.22893262511892457,0.2356836281892543,0.0067510030703297474,0.0067510030703297474,2.4548947763491924e-08,3.0428664032911e-09
features.10.conv.1.0,104,0.22893262511892457,0.23092986304529106,0.0019972379263664963,0.0019972379263664963,9.044332216490147e-08,1.2442700203507684e-09
features.10.conv.1.0,105,0.22893262511892457,0.22849509162166198,-0.00043753349726258217,0.00043753349726258217,2.8139215402234186e-08,1.1570832070262327e-09
features.10.conv.1.0,106,0.22893262511892457,0.22998172114111337,0.0010490960221888057,0.0010490960221888057,7.860080586397089e-08,2.1135708461184066e-10
features.10.conv.1.0,107,0.22893262511892457,0.22983795344496652,0.0009053283260419542,0.0009053283260419542,1.5028879474243695e-08,2.7467438101780317e-08
features.10.conv.1.0,108,0.22893262511892457,0.2280226537877358,-0.0009099713311887525,0.0009099713311887525,2.460162207285066e-08,2.2111861230911245e-09
features.10.conv.1.0,109,0.22893262511892457,0.23054790085957177,0.0016152757406472096,0.0016152757406472096,6.9551155945646315e-09,3.747681276422554e-09
features.10.conv.1.0,110,0.22893262511892457,0.2324408313183451,0.0035082061994205216,0.0035082061994205216,1.8354397113284904e-08,2.3392622949813813e-08
features.10.conv.1.0,111,0.22893262511892457,0.22951911495847976,0.0005864898395551987,0.0005864898395551987,5.935218538866138e-08,1.2247139302701271e-08
features.10.conv.1.0,112,0.22893262511892457,0.22746599919782584,-0.0014666259210987243,0.0014666259210987243,3.437466489231156e-08,1.2155627615584308e-08
features.10.conv.1.0,113,0.22893262511892457,0.22923591737574156,0.0003032922568169949,0.0003032922568169949,1.7601886170837133e-08,6.302800947821652e-09
features.10.conv.1.0,114,0.22893262511892457,0.2295751592169103,0.0006425340979857308,0.0006425340979857308,2.5858140517698303e-08,2.923170150381793e-09
features.10.conv.1.0,115,0.22893262511892457,0.22856926393364052,-0.0003633611852840446,0.0003633611852840446,1.933768167816652e-08,5.639697153725365e-09
features.10.conv.1.0,116,0.22893262511892457,0.23077275701611896,0.001840131897194397,0.001840131897194397,1.669838844975402e-08,3.2724287724050782e-09
features.10.conv.1.0,117,0.22893262511892457,0.23031550806163328,0.0013828829427087186,0.0013828829427087186,2.0643170728362747e-08,1.739563870728489e-08
features.10.conv.1.0,118,0.22893262511892457,0.22950650923007013,0.0005738841111455617,0.0005738841111455617,4.3534278404422366e-08,8.134981577256895e-10
features.10.conv.1.0,119,0.22893262511892457,0.22894729335575573,1.4668236831161252e-05,1.4668236831161252e-05,2.4036221901724275e-08,2.9563351766626056e-09
features.10.conv.1.0,120,0.22893262511892457,0.22879719936289608,-0.0001354257560284844,0.0001354257560284844,1.4052392138808045e-08,3.9397568540877614e-10
features.10.conv.1.0,121,0.22893262511892457,0.23280789143860067,0.0038752663196761072,0.0038752663196761072,1.0819124440786254e-07,2.0503046371800338e-08
features.10.conv.1.0,122,0.22893262511892457,0.22916478012576114,0.00023215500683657075,0.00023215500683657075,8.614780711013736e-08,7.919386035837306e-09
features.10.conv.1.0,123,0.22893262511892457,0.2291794483625923,0.000246823243667732,0.000246823243667732,1.2686992789667784e-08,5.487467813480862e-09
features.10.conv.1.0,124,0.22893262511892457,0.22983158161039077,0.0008989564914662074,0.0008989564914662074,5.483332898847948e-08,3.6355811694477325e-09
features.10.conv.1.0,125,0.22893262511892457,0.22758009806847057,-0.0013525270504539944,0.0013525270504539944,4.9470617824454166e-08,4.005424258934909e-08
features.10.conv.1.0,126,0.22893262511892457,0.22823203773587747,-0.0007005873830470966,0.0007005873830470966,6.294676779816655e-08,9.250729959831006e-09
features.10.conv.1.0,127,0.22893262511892457,0.2290023400622203,6.971494329574557e-05,6.971494329574557e-05,9.055405314484233e-09,4.032198130943243e-09
features.10.conv.1.0,128,0.22893262511892457,0.22829741486961763,-0.0006352102493069334,0.0006352102493069334,1.6084356957435375e-08,1.1302203617447049e-09
features.10.conv.1.0,129,0.22893262511892457,0.22291605049225194,-0.006016574626672627,0.006016574626672627,6.843947630841285e-08,2.6749951587135e-08
features.10.conv.1.0,130,0.22893262511892457,0.22882008998071837,-0.00011253513820619343,0.00011253513820619343,1.5628241811782573e-08,9.687123325718972e-10
features.10.conv.1.0,131,0.22893262511892457,0.22679036361386967,-0.002142261505054893,0.002142261505054893,8.20988859118188e-08,4.667326525265025e-10
features.10.conv.1.0,132,0.22893262511892457,0.22951949417533543,0.0005868690564108658,0.0005868690564108658,4.519436824779177e-09,1.0436639052979757e-10
features.10.conv.1.0,133,0.22893262511892457,0.2288505641049476,-8.206101397695287e-05,8.206101397695287e-05,1.3113492514094105e-08,5.19240095364637e-10
features.10.conv.1.0,134,0.22893262511892457,0.22984505738771155,0.0009124322687869835,0.0009124322687869835,6.908916816428246e-08,6.10036421377913e-09
features.10.conv.1.0,135,0.22893262511892457,0.22870812631260662,-0.0002244988063179465,0.0002244988063179465,1.1468091543065384e-07,2.7238411526298023e-10
features.10.conv.1.0,136,0.22893262511892457,0.22920451972081055,0.00027189460188598025,0.00027189460188598025,2.133845633522924e-08,1.0695236363211791e-10
features.10.conv.1.0,137,0.22893262511892457,0.22912835892167482,0.00019573380275025865,0.00019573380275025865,9.089301755693668e-09,3.831301498280482e-09
features.10.conv.1.0,138,0.22893262511892457,0.22880660625947005,-0.00012601885945451308,0.00012601885945451308,8.325547362630914e-09,3.3243376940106373e-09
features.10.conv.1.0,139,0.22893262511892457,0.22703462557313286,-0.001897999545791701,0.001897999545791701,1.664925264321937e-08,9.855768645650187e-09
features.10.conv.1.0,140,0.22893262511892457,0.2272598574805128,-0.0016727676384117596,0.0016727676384117596,6.066702695761705e-08,1.0118349713650332e-08
features.10.conv.1.0,141,0.22893262511892457,0.22916570365646288,0.0002330785375383171,0.0002330785375383171,2.4857396141442223e-08,1.4409480275645592e-09
features.10.conv.1.0,142,0.22893262511892457,0.22962676797328446,0.0006941428543598971,0.0006941428543598971,2.0241795795072903e-08,3.512479640477295e-09
features.10.conv.1.0,143,0.22893262511892457,0.23379518358256504,0.004862558463640476,0.004862558463640476,7.132003787546637e-08,1.843277752655581e-09
features.10.conv.1.0,144,0.22893262511892457,0.22264133376427772,-0.006291291354646844,0.006291291354646844,6.558737908335388e-08,1.909794766774553e-09
features.10.conv.1.0,145,0.22893262511892457,0.22724827330956576,-0.0016843518093588028,0.0016843518093588028,3.662248815317071e-08,2.7345484210350435e-10
features.10.conv.1.0,146,0.22893262511892457,0.22981515738788227,0.0008825322689577086,0.0008825322689577086,3.533215675588508e-08,3.4079279398468998e-09
features.10.conv.1.0,147,0.22893262511892457,0.23427110440799834,0.005338479289073772,0.005338479289073772,1.8379647315214243e-07,3.959056193991728e-09
features.10.conv.1.0,148,0.22893262511892457,0.22648417987866754,-0.00244844524025703,0.00244844524025703,6.381679895639536e-08,1.749556943764219e-08
features.10.conv.1.0,149,0.22893262511892457,0.22893262511892457,0.0,0.0,0.0,0.0
features.10.conv.1.0,150,0.22893262511892457,0.22864054128222192,-0.00029208383670265015,0.00029208383670265015,4.41451986077368e-09,8.945362228729437e-10
features.10.conv.1.0,151,0.22893262511892457,0.22692102813277665,-0.0020115969861479177,0.0020115969861479177,2.3680511773704893e-08,5.736394026456537e-09
features.10.conv.1.0,152,0.22893262511892457,0.22764220234911076,-0.0012904227698138093,0.0012904227698138093,1.0204285416648418e-07,1.7387188355755256e-09
features.10.conv.1.0,153,0.22893262511892457,0.23009913923342762,0.0011665141145030533,0.0011665141145030533,8.021375919042839e-08,5.472117758920092e-10
features.10.conv.1.0,154,0.22893262511892457,0.22888402294114737,-4.860217777719056e-05,4.860217777719056e-05,9.533618339219174e-09,9.670696243802013e-09
features.10.conv.1.0,155,0.22893262511892457,0.22512551432582398,-0.0038071107931005876,0.0038071107931005876,1.328234162656372e-07,3.354235778019188e-09
features.10.conv.1.0,156,0.22893262511892457,0.22893262511892457,0.0,0.0,0.0,0.0
features.10.conv.1.0,157,0.22893262511892457,0.2291224587068336,0.00018983358790902738,0.00018983358790902738,1.2453229558673229e-08,2.0243575704625982e-09
features.10.conv.1.0,158,0.22893262511892457,0.22850343356178038,-0.00042919155714418733,0.00042919155714418733,5.051059126515156e-09,5.819974502330183e-10
features.10.conv.1.0,159,0.22893262511892457,0.2293552320487804,0.00042260692985582327,0.00042260692985582327,2.0089881758167394e-08,9.635097164562012e-09
features.10.conv.1.0,160,0.22893262511892457,0.23056657322696578,0.001633948108041211,0.001633948108041211,2.886674543844947e-08,4.38463620966445e-09
features.10.conv.1.0,161,0.22893262511892457,0.23033944176928456,0.0014068166503599933,0.0014068166503599933,1.1260633314691404e-08,2.969046342116144e-09
features.10.conv.1.0,162,0.22893262511892457,0.22730680483113652,-0.0016258202877880434,0.0016258202877880434,2.039125490682636e-08,1.3640839569006857e-08
features.10.conv.1.0,163,0.22893262511892457,0.22869532833095813,-0.00023729678796644005,0.00023729678796644005,3.118935865131789e-08,2.503778517848332e-09
features.10.conv.1.0,164,0.22893262511892457,0.22886867029186914,-6.39548270554291e-05,6.39548270554291e-05,1.847125474796485e-08,4.681573795295435e-09
features.10.conv.1.0,165,0.22893262511892457,0.22870843283535078,-0.0002241922835737875,0.0002241922835737875,1.0584419563031133e-08,1.3274525922923885e-09
features.10.conv.1.0,166,0.22893262511892457,0.2288957051388553,-3.691998006927211e-05,3.691998006927211e-05,2.7274815295186272e-08,3.639622603301973e-09
features.10.conv.1.0,167,0.22893262511892457,0.22851120403180433,-0.00042142108712023285,0.00042142108712023285,6.954827114213913e-08,3.553767002895114e-10
features.10.conv.1.0,168,0.22893262511892457,0.22996709976929802,0.001034474650373457,0.001034474650373457,1.8860607298165633e-08,1.6971303251622771e-09
features.10.conv.1.0,169,0.22893262511892457,0.2287630276308481,-0.0001695974880764617,0.0001695974880764617,3.935443970704e-08,4.237445061505696e-09
features.10.conv.1.0,170,0.22893262511892457,0.21802758939937303,-0.010905035719551537,0.010905035719551537,5.666540303650436e-08,3.5939118347982912e-09
features.10.conv.1.0,171,0.22893262511892457,0.22916734008301287,0.00023471496408830617,0.00023471496408830617,3.314175955893006e-08,9.404289569303614e-10
features.10.conv.1.0,172,0.22893262511892457,0.227049932684548,-0.0018826924343765539,0.0018826924343765539,4.158888344818479e-08,1.2809872051988691e-09
features.10.conv.1.0,173,0.22893262511892457,0.2287157772235032,-0.00021684789542136818,0.00021684789542136818,2.26963940974656e-08,1.0861822552499234e-09
features.10.conv.1.0,174,0.22893262511892457,0.23089327541706167,0.0019606502981371066,0.0019606502981371066,6.56721894642942e-08,1.84245174672526e-10
features.10.conv.1.0,175,0.22893262511892457,0.22983138802999914,0.0008987629110745743,0.0008987629110745743,1.9875795231882876e-08,2.7614470710091155e-09
features.10.conv.1.0,176,0.22893262511892457,0.22957108106508312,0.0006384559461585504,0.0006384559461585504,5.5781810281985145e-09,3.600328035702205e-09
features.10.conv.1.0,177,0.22893262511892457,0.22698420265949426,-0.0019484224594303046,0.0019484224594303046,1.2902985346840978e-08,3.576943541361288e-08
features.10.conv.1.0,178,0.22893262511892457,0.22886561155863439,-6.701356029018002e-05,6.701356029018002e-05,3.5841367207467556e-08,2.186929970449114e-09
features.10.conv.1.0,179,0.22893262511892457,0.22689749731321765,-0.0020351278057069155,0.0020351278057069155,1.7588352108077743e-08,5.4771676083475995e-09
features.10.conv.1.0,180,0.22893262511892457,0.2284028652773998,-0.0005297598415247573,0.0005297598415247573,2.5410599846509285e-08,2.3618893507659777e-09
features.10.conv.1.0,181,0.22893262511892457,0.22841108765839088,-0.0005215374605336831,0.0005215374605336831,4.70427519161376e-09,1.6139757585964531e-10
features.10.conv.1.0,182,0.22893262511892457,0.22893262511892457,0.0,0.0,0.0,0.0
features.10.conv.1.0,183,0.22893262511892457,0.22886999490605303,-6.263021287153392e-05,6.263021287153392e-05,2.3751479005795773e-08,4.9277923963586545e-09
features.10.conv.1.0,184,0.22893262511892457,0.2291431467176333,0.00021052159870874054,0.00021052159870874054,1.3166574497347483e-08,8.192006184515321e-09
features.10.conv.1.0,185,0.22893262511892457,0.2275903816307304,-0.0013422434881941725,0.0013422434881941725,7.52411821736132e-08,2.9604556583961994e-09
features.10.conv.1.0,186,0.22893262511892457,0.2300293025731454,0.0010966774542208457,0.0010966774542208457,3.731981124133199e-08,3.733693354490697e-09
features.10.conv.1.0,187,0.22893262511892457,0.2290845206353246,0.00015189551640004684,0.00015189551640004684,3.7728771218326074e-08,3.939883086445661e-09
features.10.conv.1.0,188,0.22893262511892457,0.22236917288788866,-0.00656345223103591,0.00656345223103591,5.939738656479676e-08,1.0929411820015389e-09
features.10.conv.1.0,189,0.22893262511892457,0.234190514723581,0.005257889604656424,0.005257889604656424,4.13618543859684e-08,1.065336818761864e-09
features.10.conv.1.0,190,0.22893262511892457,0.22763689943345977,-0.0012957256854647936,0.0012957256854647936,1.4109545531937329e-07,1.0737366551438754e-09
features.10.conv.1.0,191,0.22893262511892457,0.2288408248565339,-9.180026239066774e-05,9.180026239066774e-05,1.4620356125760736e-07,5.880984588202409e-10
features.10.conv.1.0,192,0.22893262511892457,0.2311683701779361,0.002235745059011529,0.002235745059011529,1.624133290079044e-07,9.719920424089423e-10
features.10.conv.1.0,193,0.22893262511892457,0.22892428317880617,-8.341940118394842e-06,8.341940118394842e-06,1.2178244190863552e-08,9.77306680027823e-10
features.10.conv.1.0,194,0.22893262511892457,0.22781320376225733,-0.0011194213566672329,0.0011194213566672329,1.091591030899508e-07,1.558984830118959e-09
features.10.conv.1.0,195,0.22893262511892457,0.21936355708407948,-0.009569068034845085,0.009569068034845085,7.813202529405316e-08,5.824294380118999e-10
features.10.conv.1.0,196,0.22893262511892457,0.2300200839673411,0.0010874588484165448,0.0010874588484165448,2.3889347389172144e-08,3.960091810029098e-09
features.10.conv.1.0,197,0.22893262511892457,0.22872755315124266,-0.00020507196768190794,0.00020507196768190794,2.9782553312429627e-08,4.440108281045241e-09
features.10.conv.1.0,198,0.22893262511892457,0.22757689790948207,-0.0013557272094424921,0.0013557272094424921,1.5205129599848988e-08,9.321524663263858e-10
features.10.conv.1.0,199,0.22893262511892457,0.2293188370270389,0.00038621190811433115,0.00038621190811433115,9.681847501497032e-08,6.720134448912063e-10
features.10.conv.1.0,200,0.22893262511892457,0.2297260571813443,0.0007934320624197466,0.0007934320624197466,5.886138687571929e-09,1.8288986325387668e-08
features.10.conv.1.0,201,0.22893262511892457,0.2277251685121749,-0.001207456606749674,0.001207456606749674,2.096158802089576e-08,8.407709195523694e-09
features.10.conv.1.0,202,0.22893262511892457,0.2306270708916099,0.0016944457726853213,0.0016944457726853213,1.8098289089607533e-08,2.8324267375978707e-09
features.10.conv.1.0,203,0.22893262511892457,0.22882279136372383,-0.0001098337552007389,0.0001098337552007389,3.439347295852713e-08,3.6518119639339375e-09
features.10.conv.1.0,204,0.22893262511892457,0.2293456328989677,0.0004130077800431342,0.0004130077800431342,4.817806598111929e-08,3.89708887382767e-09
features.10.conv.1.0,205,0.22893262511892457,0.22871513834891918,-0.00021748677000538175,0.00021748677000538175,1.2940973848074577e-09,6.842618138769296e-11
features.10.conv.1.0,206,0.22893262511892457,0.22351165394082673,-0.005420971178097839,0.005420971178097839,4.3263515436819944e-08,5.101851385802547e-09
features.10.conv.1.0,207,0.22893262511892457,0.2277663067426724,-0.0011663183762521678,0.0011663183762521678,4.806691222825066e-08,1.062921217709345e-08
features.10.conv.1.0,208,0.22893262511892457,0.2301524291235084,0.0012198040045838243,0.0012198040045838243,2.4289370514907205e-08,1.7398760210340924e-09
features.10.conv.1.0,209,0.22893262511892457,0.2302264078550953,0.0012937827361707288,0.0012937827361707288,2.3414797212240046e-08,3.295552275517366e-09
features.10.conv.1.0,210,0.22893262511892457,0.2298338297552763,0.0009012046363517379,0.0009012046363517379,3.187199126841733e-08,7.171139237982516e-09
features.10.conv.1.0,211,0.22893262511892457,0.22934470804111326,0.0004120829221886946,0.0004120829221886946,8.858433986347336e-09,7.581248406829388e-10
features.10.conv.1.0,212,0.22893262511892457,0.23046572161362022,0.0015330964946956571,0.0015330964946956571,1.1927564003144653e-07,8.018922192931655e-10
features.10.conv.1.0,213,0.22893262511892457,0.22944451789178255,0.0005118927728579858,0.0005118927728579858,2.9322547945298538e-08,2.3191177866976886e-09
features.10.conv.1.0,214,0.22893262511892457,0.22991707528483604,0.0009844501659114768,0.0009844501659114768,3.218111999103712e-08,6.891959780652712e-10
features.10.conv.1.0,215,0.22893262511892457,0.2297898719097987,0.0008572467908741221,0.0008572467908741221,6.21656468524634e-08,5.673518099769126e-09
features.10.conv.1.0,216,0.22893262511892457,0.2307036135429178,0.0017709884239932305,0.0017709884239932305,2.6832436716972552e-08,4.178340162752647e-08
features.10.conv.1.0,217,0.22893262511892457,0.2271465218367551,-0.0017861032821694656,0.0017861032821694656,1.818866834923938e-08,9.8665129399933e-09
features.10.conv.1.0,218,0.22893262511892457,0.23019963266583757,0.0012670075469130015,0.0012670075469130015,5.444667827703142e-09,1.8979307014888036e-09
features.10.conv.1.0,219,0.22893262511892457,0.228427346783909,-0.0005052783350155687,0.0005052783350155687,1.0841591091548253e-07,1.3588000724595872e-09
features.10.conv.1.0,220,0.22893262511892457,0.22951987339219113,0.0005872482732665607,0.0005872482732665607,7.482759656340932e-08,6.568225963121677e-09
features.10.conv.1.0,221,0.22893262511892457,0.230224233731474,0.0012916086125494275,0.0012916086125494275,1.0543629258563669e-07,1.1176445546823288e-08
features.10.conv.1.0,222,0.22893262511892457,0.22946094078713822,0.0005283156682136525,0.0005283156682136525,6.8112240292350634e-09,4.351170090899359e-09
features.10.conv.1.0,223,0.22893262511892457,0.2284698332998269,-0.00046279181909766876,0.00046279181909766876,1.0501715941302336e-08,6.308203737148688e-09
features.10.conv.1.0,224,0.22893262511892457,0.22788120958489147,-0.0010514155340330955,0.0010514155340330955,4.30988542632349e-08,2.950096833487237e-09
features.10.conv.1.0,225,0.22893262511892457,0.2289890433045888,5.641818566423651e-05,5.641818566423651e-05,9.67337143720215e-08,6.336650093530238e-10
features.10.conv.1.0,226,0.22893262511892457,0.2313903598544874,0.002457734735562822,0.002457734735562822,9.61491437578843e-08,1.0785825566017593e-09
features.10.conv.1.0,227,0.22893262511892457,0.22950475720686203,0.0005721320879374658,0.0005721320879374658,2.1319591780866176e-07,7.56765761167344e-09
features.10.conv.1.0,228,0.22893262511892457,0.22944375945807113,0.0005111343391465684,0.0005111343391465684,1.2263504345355614e-07,2.535595622354947e-10
features.10.conv.1.0,229,0.22893262511892457,0.22916068143446028,0.00022805631553571293,0.00022805631553571293,5.875863351434418e-08,5.000600822313572e-09
features.10.conv.1.0,230,0.22893262511892457,0.22776208716509141,-0.0011705379538331506,0.0011705379538331506,4.174994217009953e-08,3.0925051408559057e-09
features.10.conv.1.0,231,0.22893262511892457,0.2282195721060688,-0.0007130530128557633,0.0007130530128557633,1.0929118943181493e-08,1.150359030255288e-09
features.10.conv.1.0,232,0.22893262511892457,0.22742123605362113,-0.0015113890653034312,0.0015113890653034312,2.8790497097475054e-08,1.2256735715254763e-07
features.10.conv.1.0,233,0.22893262511892457,0.22757964483035065,-0.0013529802885739184,0.0013529802885739184,2.4393694175728342e-08,5.210834874702641e-09
features.10.conv.1.0,234,0.22893262511892457,0.23334798170740112,0.004415356588476554,0.004415356588476554,1.8064985951582457e-08,1.0205317479972109e-08
features.10.conv.1.0,235,0.22893262511892457,0.22825580634653833,-0.000676818772386234,0.000676818772386234,4.2188872839687974e-08,1.515208509772492e-07
features.10.conv.1.0,236,0.22893262511892457,0.22889300508300253,-3.9620035922033336e-05,3.9620035922033336e-05,1.9729862188455627e-08,1.3792890163344396e-09
features.10.conv.1.0,237,0.22893262511892457,0.22972795326562262,0.0007953281466980544,0.0007953281466980544,8.405200091488041e-09,6.551508135999029e-08
features.10.conv.1.0,238,0.22893262511892457,0.22862229499669934,-0.0003103301222252275,0.0003103301222252275,2.6525576402036677e-08,1.366797452995172e-09
features.10.conv.1.0,239,0.22893262511892457,0.22552307342550082,-0.0034095516934237458,0.0034095516934237458,5.203732555969509e-08,1.0668939065539007e-09
features.10.conv.1.0,240,0.22893262511892457,0.23179870143560444,0.002866076316679872,0.002866076316679872,1.5268153674696805e-07,1.3244386698474386e-09
features.10.conv.1.0,241,0.22893262511892457,0.2286868681588652,-0.00024575696005937897,0.00024575696005937897,2.2294809554068706e-08,6.326272838919067e-09
features.10.conv.1.0,242,0.22893262511892457,0.22797675299296402,-0.000955872125960544,0.000955872125960544,1.5197551661572106e-08,9.608392970150703e-10
features.10.conv.1.0,243,0.22893262511892457,0.2306145820680221,0.001681956949097535,0.001681956949097535,1.8600431417326035e-08,1.5744843651077645e-08
features.10.conv.1.0,244,0.22893262511892457,0.22973996698446406,0.0008073418655394904,0.0008073418655394904,1.0567258179605687e-08,7.529825651886313e-09
features.10.conv.1.0,245,0.22893262511892457,0.22832852786843089,-0.0006040972504936792,0.0006040972504936792,3.0610689094601184e-08,3.3434792712228045e-09
features.10.conv.1.0,246,0.22893262511892457,0.22948902005110616,0.0005563949321815975,0.0005563949321815975,2.1089171298172005e-08,3.645270529872846e-09
features.10.conv.1.0,247,0.22893262511892457,0.22762962377694954,-0.0013030013419750297,0.0013030013419750297,5.496307764474295e-08,5.007804020351614e-07
features.10.conv.1.0,248,0.22893262511892457,0.230227285847934,0.0012946607290094392,0.0012946607290094392,1.3388760322641247e-08,2.2546067235396094e-09
features.10.conv.1.0,249,0.22893262511892457,0.22976399525285326,0.0008313701339286994,0.0008313701339286994,2.6665231800393485e-08,7.801075341262731e-09
features.10.conv.1.0,250,0.22893262511892457,0.22895010768111373,1.7482562189169437e-05,1.7482562189169437e-05,1.7101530147556332e-07,6.297229959706385e-10
features.10.conv.1.0,251,0.22893262511892457,0.22974662563301665,0.0008140005140920836,0.0008140005140920836,1.2272740157470707e-08,7.277674907157916e-09
features.10.conv.1.0,252,0.22893262511892457,0.22933468413658176,0.00040205901765719143,0.00040205901765719143,1.0874935618687687e-08,7.769643595167963e-09
features.10.conv.1.0,253,0.22893262511892457,0.22849345519511197,-0.000439169923812599,0.000439169923812599,5.927568835772945e-08,2.409218824439563e-09
features.10.conv.1.0,254,0.22893262511892457,0.22547760018295065,-0.0034550249359739105,0.0034550249359739105,4.572087775045475e-08,1.0855102372531178e-09
features.10.conv.1.0,255,0.22893262511892457,0.2295287141082925,0.0005960889893679433,0.0005960889893679433,1.4212641019639705e-07,4.792311614210121e-08
features.10.conv.1.0,256,0.22893262511892457,0.22998847219254487,0.001055847073620303,0.001055847073620303,7.830980308654034e-09,3.736621678740448e-08
features.10.conv.1.0,257,0.22893262511892457,0.22873802896674136,-0.0001945961521832018,0.0001945961521832018,2.1541655570445073e-08,1.4960885863501971e-09
features.10.conv.1.0,258,0.22893262511892457,0.22900954435177165,7.691923284708357e-05,7.691923284708357e-05,1.329480081579959e-08,1.087532619514775e-09
features.10.conv.1.0,259,0.22893262511892457,0.22769545282165693,-0.0012371722972676358,0.0012371722972676358,1.562314935199538e-07,3.9138626561907586e-08
features.10.conv.1.0,260,0.22893262511892457,0.2266197742166982,-0.0023128509022263544,0.0023128509022263544,7.69315917636959e-08,3.0018654229024833e-09
features.10.conv.1.0,261,0.22893262511892457,0.2287814674967623,-0.00015115762216227902,0.00015115762216227902,9.497902908606193e-09,2.3931216119876808e-08
features.10.conv.1.0,262,0.22893262511892457,0.22659645320128627,-0.0023361719176382967,0.0023361719176382967,2.5349111254513446e-08,6.409705655130438e-09
features.10.conv.1.0,263,0.22893262511892457,0.2269825180407757,-0.001950107078148855,0.001950107078148855,1.5219823978895874e-07,5.82102754886904e-10
features.10.conv.1.0,264,0.22893262511892457,0.22921286166092894,0.0002802365420043751,0.0002802365420043751,2.8123823270220782e-08,2.1452766230112275e-09
features.10.conv.1.0,265,0.22893262511892457,0.228135727950166,-0.0007968971687585535,0.0007968971687585535,5.492371712989552e-08,2.1596362198561536e-10
features.10.conv.1.0,266,0.22893262511892457,0.22818433541756533,-0.0007482897013592338,0.0007482897013592338,2.1817188056161285e-08,3.319138075497108e-09
features.10.conv.1.0,267,0.22893262511892457,0.2285085753429103,-0.0004240497760142625,0.0004240497760142625,6.642670413725682e-09,6.088454629349371e-09
features.10.conv.1.0,268,0.22893262511892457,0.2288009188373413,-0.00013170628158326592,0.00013170628158326592,2.4832928602336324e-08,9.087870012081112e-09
features.10.conv.1.0,269,0.22893262511892457,0.22819066038712524,-0.0007419647317993272,0.0007419647317993272,1.8335402529601197e-08,3.1298950098346268e-09
features.10.conv.1.0,270,0.22893262511892457,0.2275472562402284,-0.0013853688786961693,0.0013853688786961693,7.588349149045825e-08,8.375696580742442e-09
features.10.conv.1.0,271,0.22893262511892457,0.22893262511892457,0.0,0.0,0.0,0.0
features.10.conv.1.0,272,0.22893262511892457,0.23439577531629255,0.005463150197367983,0.005463150197367983,5.223755650263229e-08,9.644601561831223e-08
features.10.conv.1.0,273,0.22893262511892457,0.2312918072135125,0.002359182094587936,0.002359182094587936,7.21326856023552e-08,2.3564572515510918e-08
features.10.conv.1.0,274,0.22893262511892457,0.2318723513003633,0.0029397261814387288,0.0029397261814387288,5.8217352716383175e-08,2.847044822118505e-09
features.10.conv.1.0,275,0.22893262511892457,0.22963333206109904,0.0007007069421744727,0.0007007069421744727,2.5178605866926773e-08,3.775058043942181e-09
features.10.conv.1.0,276,0.22893262511892457,0.22792277124295496,-0.0010098538759696074,0.0010098538759696074,4.112721541105202e-08,1.8431995929546474e-09
features.10.conv.1.0,277,0.22893262511892457,0.2286080059767239,-0.0003246191422006661,0.0003246191422006661,1.1112338604846173e-08,2.016470990184871e-09
features.10.conv.1.0,278,0.22893262511892457,0.22742119051575807,-0.001511434603166495,0.001511434603166495,7.220368303251234e-08,6.264682106404962e-09
features.10.conv.1.0,279,0.22893262511892457,0.22822151505536295,-0.0007111100635616152,0.0007111100635616152,2.401752219327591e-08,1.628719603630202e-09
features.10.conv.1.0,280,0.22893262511892457,0.230104898375764,0.00117227325683944,0.00117227325683944,1.5633297323347506e-07,7.070425356303645e-10
features.10.conv.1.0,281,0.22893262511892457,0.2287580999695835,-0.000174525149341076,0.000174525149341076,3.455701147458967e-08,4.810184472958667e-10
features.10.conv.1.0,282,0.22893262511892457,0.22873727053303,-0.00019535458589456378,0.00019535458589456378,1.532670701465122e-08,6.865937263178523e-10
features.10.conv.1.0,283,0.22893262511892457,0.22904115612656792,0.00010853100764335322,0.00010853100764335322,1.699616802852688e-08,1.1627770746258648e-08
features.10.conv.1.0,284,0.22893262511892457,0.22779514311319887,-0.001137482005725693,0.001137482005725693,9.02505448152624e-08,3.903359857559963e-09
features.10.conv.1.0,285,0.22893262511892457,0.22694400982632493,-0.001988615292599638,0.001988615292599638,1.905654301026516e-08,9.711677018131581e-10
features.10.conv.1.0,286,0.22893262511892457,0.22932695920442098,0.0003943340854964117,0.0003943340854964117,9.963989633376968e-09,7.324661432939195e-10
features.10.conv.1.0,287,0.22893262511892457,0.2287182189487803,-0.0002144061701442601,0.0002144061701442601,3.802306025590951e-09,2.776660013026344e-09
features.10.conv.1.0,288,0.22893262511892457,0.22013203616345278,-0.008800588955471783,0.008800588955471783,9.298802439161591e-08,6.713016253989679e-10
features.10.conv.1.0,289,0.22893262511892457,0.2287903742902004,-0.0001422508287241553,0.0001422508287241553,3.736959186539934e-08,7.3337824701980026e-09
features.10.conv.1.0,290,0.22893262511892457,0.22701055176688056,-0.0019220733520440014,0.0019220733520440014,5.450498008485738e-08,3.5161045186526962e-09
features.10.conv.1.0,291,0.22893262511892457,0.22822708159121158,-0.0007055435277129873,0.0007055435277129873,2.336375715117356e-08,1.1946964306730479e-08
features.10.conv.1.0,292,0.22893262511892457,0.23023963324576802,0.0013070081268434508,0.0013070081268434508,1.381768477415335e-08,1.1577052205780092e-08
features.10.conv.1.0,293,0.22893262511892457,0.2277242905193362,-0.0012083345995883565,0.0012083345995883565,8.049968691636877e-09,4.005086395864055e-08
features.10.conv.1.0,294,0.22893262511892457,0.22946807370973088,0.0005354485908063145,0.0005354485908063145,2.5930759761649824e-08,3.231597434094624e-09
features.10.conv.1.0,295,0.22893262511892457,0.23061121681204322,0.0016785916931186529,0.0016785916931186529,2.248104280511143e-08,7.475822627611706e-09
features.10.conv.1.0,296,0.22893262511892457,0.22891926095680357,-1.3364162120999001e-05,1.3364162120999001e-05,4.3746613442863236e-08,9.710277026897529e-09
features.10.conv.1.0,297,0.22893262511892457,0.22816582814716166,-0.0007667969717629064,0.0007667969717629064,1.1149207779226344e-08,1.091881918213744e-09
features.10.conv.1.0,298,0.22893262511892457,0.22906421184138054,0.00013158672245597303,0.00013158672245597303,4.1271203343740126e-08,4.581307777584698e-09
features.10.conv.1.0,299,0.22893262511892457,0.22993325906193715,0.0010006339430125855,0.0010006339430125855,2.4814838184283872e-08,2.338392590672811e-09
features.10.conv.1.0,300,0.22893262511892457,0.22773609094901873,-0.0011965341699058385,0.0011965341699058385,1.0234866465452797e-07,1.511941150056373e-08
features.10.conv.1.0,301,0.22893262511892457,0.22831359997387143,-0.0006190251450531314,0.0006190251450531314,1.5738796932396326e-08,1.3584664504406874e-09
features.10.conv.1.0,302,0.22893262511892457,0.22978380527081432,0.0008511801518897577,0.0008511801518897577,8.753405467132325e-08,1.7734933521751373e-08
features.10.conv.1.0,303,0.22893262511892457,0.2297041859821145,0.0007715608631899407,0.0007715608631899407,1.4994135710821865e-08,7.92783061420721e-10
features.10.conv.1.0,304,0.22893262511892457,0.22986484819335162,0.0009322230744270577,0.0009322230744270577,8.36430125161769e-09,1.3210601501612018e-08
features.10.conv.1.0,305,0.22893262511892457,0.22830715411803137,-0.0006254710008931907,0.0006254710008931907,3.3174682556591506e-08,2.758771211475164e-09
features.10.conv.1.0,306,0.22893262511892457,0.2373463452633325,0.008413720144407943,0.008413720144407943,1.8041478710983938e-07,3.3130203025422134e-09
features.10.conv.1.0,307,0.22893262511892457,0.22990522666298502,0.000972601544060453,0.000972601544060453,1.2743861077524343e-08,2.1387551729645793e-09
features.10.conv.1.0,308,0.22893262511892457,0.22896466297559237,3.203785666780479e-05,3.203785666780479e-05,3.4906321388916695e-08,4.798183184107074e-09
features.10.conv.1.0,309,0.22893262511892457,0.22926470953555772,0.0003320844166331549,0.0003320844166331549,2.5602014730452538e-08,3.1053919435919397e-09
features.10.conv.1.0,310,0.22893262511892457,0.22875255048819673,-0.00018007463072783336,0.00018007463072783336,8.1902676640766e-08,4.5262960046699163e-10
features.10.conv.1.0,311,0.22893262511892457,0.22791862568663832,-0.00101399943228625,0.00101399943228625,1.247745462507055e-08,1.5121195406919696e-09
features.10.conv.1.0,312,0.22893262511892457,0.2297313185216015,0.0007986934026769366,0.0007986934026769366,1.9071563883699127e-08,4.6945660692188085e-09
features.10.conv.1.0,313,0.22893262511892457,0.22934162744125208,0.00040900232232751743,0.00040900232232751743,3.1643828890537407e-08,6.48424780536061e-09
features.10.conv.1.0,314,0.22893262511892457,0.22790270156726555,-0.0010299235516590122,0.0010299235516590122,3.632243661400025e-08,2.279386457360033e-09
features.10.conv.1.0,315,0.22893262511892457,0.2286621541508761,-0.0002704709680484696,0.0002704709680484696,1.3326415526648816e-08,6.767289395526177e-09
features.10.conv.1.0,316,0.22893262511892457,0.22830407484532292,-0.0006285502736016468,0.0006285502736016468,1.3338851090338721e-07,5.278752435167178e-10
features.10.conv.1.0,317,0.22893262511892457,0.22839985869880292,-0.0005327664201216498,0.0005327664201216498,2.4367686535242683e-08,1.8329914253101265e-09
features.10.conv.1.0,318,0.22893262511892457,0.22979527334865696,0.0008626482297323934,0.0008626482297323934,1.760340317957798e-08,1.5649519458094119e-09
features.10.conv.1.0,319,0.22893262511892457,0.2265232315762579,-0.0024093935426666713,0.0024093935426666713,3.918934154967246e-08,3.803229020604704e-08
features.10.conv.1.0,320,0.22893262511892457,0.2273951466039632,-0.0015374785149613601,0.0015374785149613601,3.342046639431828e-08,5.057754215442856e-09
features.10.conv.1.0,321,0.22893262511892457,0.2328171971576618,0.0038845720387372384,0.0038845720387372384,1.0217938495316048e-07,3.8724676243440115e-10
features.10.conv.1.0,322,0.22893262511892457,0.2297251791885056,0.0007925540695810362,0.0007925540695810362,7.449235539525034e-08,3.2670077754204385e-10
features.10.conv.1.0,323,0.22893262511892457,0.22893300433578026,3.7921685569486385e-07,3.7921685569486385e-07,7.515791544676631e-09,4.940295394995076e-10
features.10.conv.1.0,324,0.22893262511892457,0.22786007362559385,-0.0010725514933307145,0.0010725514933307145,2.2513097164278406e-08,1.1943936506497721e-08
features.10.conv.1.0,325,0.22893262511892457,0.22833748814365962,-0.0005951369752649482,0.0005951369752649482,4.119498342447514e-08,2.6184268087092732e-09
features.10.conv.1.0,326,0.22893262511892457,0.22733509821496972,-0.0015975269039548434,0.0015975269039548434,1.9179442034555905e-08,1.2030899609882795e-09
features.10.conv.1.0,327,0.22893262511892457,0.22791694372222526,-0.0010156813966993028,0.0010156813966993028,1.7481868397339895e-08,6.817564845995605e-10
features.10.conv.1.0,328,0.22893262511892457,0.2284995945282079,-0.00043303059071667094,0.00043303059071667094,2.6174513223509166e-08,3.932301151365891e-09
features.10.conv.1.0,329,0.22893262511892457,0.22783720487439812,-0.0010954202445264405,0.0010954202445264405,1.5668510044974937e-08,3.5728264791146103e-09
features.10.conv.1.0,330,0.22893262511892457,0.2288547810282231,-7.78440907014677e-05,7.78440907014677e-05,2.43972539948345e-08,1.124702020405266e-08
features.10.conv.1.0,331,0.22893262511892457,0.23071517966651028,0.0017825545475857185,0.0017825545475857185,5.042993933557227e-08,1.754928091735053e-09
features.10.conv.1.0,332,0.22893262511892457,0.22947485059025807,0.0005422254713335073,0.0005422254713335073,2.6549953346943767e-08,2.373696794677471e-09
features.10.conv.1.0,333,0.22893262511892457,0.22843547460416205,-0.0004971505147625122,0.0004971505147625122,1.6806349378839514e-07,2.112608754600842e-09
features.10.conv.1.0,334,0.22893262511892457,0.23074582021488266,0.0018131950959580923,0.0018131950959580923,1.1340431882445046e-07,3.0448175092345764e-09
features.10.conv.1.0,335,0.22893262511892457,0.22948864083425047,0.0005560157153259027,0.0005560157153259027,3.893089584039444e-08,1.4329719633110471e-09
features.10.conv.1.0,336,0.22893262511892457,0.2291546147954759,0.0002219896765513485,0.0002219896765513485,6.999171908717017e-09,2.0804662437257093e-09
features.10.conv.1.0,337,0.22893262511892457,0.2327017435659971,0.0037691184470725336,0.0037691184470725336,1.2630967205495836e-07,4.541945042291218e-09
features.10.conv.1.0,338,0.22893262511892457,0.2299122645283933,0.000979639409468741,0.000979639409468741,1.1446164016604143e-08,3.293721206887312e-08
features.10.conv.1.0,339,0.22893262511892457,0.22947705319728057,0.0005444280783560018,0.0005444280783560018,2.715768054883938e-08,5.942868419595015e-10
features.10.conv.1.0,340,0.22893262511892457,0.23082870225489588,0.0018960771359713136,0.0018960771359713136,3.363890499485933e-08,1.7960805065442287e-09
features.10.conv.1.0,341,0.22893262511892457,0.23999908169347633,0.01106645657455177,0.01106645657455177,4.9185782557970015e-08,3.0668922956778033e-09
features.10.conv.1.0,342,0.22893262511892457,0.22887963959372873,-5.298552519583666e-05,5.298552519583666e-05,6.275613806394631e-09,9.708286397014376e-10
features.10.conv.1.0,343,0.22893262511892457,0.23155619365740837,0.002623568538483806,0.002623568538483806,3.6813943893321266e-08,1.207165478689376e-08
features.10.conv.1.0,344,0.22893262511892457,0.22863859833292777,-0.0002940267859967982,0.0002940267859967982,1.6747415898521467e-08,4.144777676629019e-08
features.10.conv.1.0,345,0.22893262511892457,0.2285055674371607,-0.00042705768176387604,0.00042705768176387604,6.062510493620721e-08,3.043263696600462e-10
features.10.conv.1.0,346,0.22893262511892457,0.22931591720844974,0.00038329208952517235,0.00038329208952517235,3.8716830630391996e-08,8.680221874612926e-09
features.10.conv.1.0,347,0.22893262511892457,0.2285604232175391,-0.00037220190138545495,0.00037220190138545495,1.2249608438708037e-08,1.1457540471937477e-09
features.10.conv.1.0,348,0.22893262511892457,0.22721000288621693,-0.001722622232707638,0.001722622232707638,4.799772135299918e-09,7.1296977210977275e-09
features.10.conv.1.0,349,0.22893262511892457,0.2235509245514582,-0.005381700567466369,0.005381700567466369,2.2414984357510548e-07,1.612981859189233e-09
features.10.conv.1.0,350,0.22893262511892457,0.2295152759249072,0.0005826508059826319,0.0005826508059826319,1.8213761165952747e-08,5.7665650032845406e-09
features.10.conv.1.0,351,0.22893262511892457,0.22905286332266522,0.00012023820374065797,0.00012023820374065797,5.165945893281787e-08,9.644426590682542e-09
features.10.conv.1.0,352,0.22893262511892457,0.23242559161141946,0.003492966492494892,0.003492966492494892,1.0447331000307258e-08,4.9571323046393445e-08
features.10.conv.1.0,353,0.22893262511892457,0.22989600673002797,0.0009633816111034033,0.0009633816111034033,1.0917617032646376e-08,3.584772301223893e-08
features.10.conv.1.0,354,0.22893262511892457,0.22899643984737902,6.381472845445879e-05,6.381472845445879e-05,5.636765010308409e-08,1.7047043776585724e-09
features.10.conv.1.0,355,0.22893262511892457,0.2292690928829763,0.0003364677640517455,0.0003364677640517455,1.4045473228918581e-08,1.2872429788757245e-09
features.10.conv.1.0,356,0.22893262511892457,0.22455016251332807,-0.004382462605596493,0.004382462605596493,3.8259390322537e-08,1.228138124531597e-08
features.10.conv.1.0,357,0.22893262511892457,0.23157196973425254,0.002639344615327971,0.002639344615327971,8.351484126478681e-08,1.9191610522995006e-09
features.10.conv.1.0,358,0.22893262511892457,0.2267085351013726,-0.0022240900175519718,0.0022240900175519718,5.2555460428038714e-08,1.9844509369093544e-10
features.10.conv.1.0,359,0.22893262511892457,0.2288054217438872,-0.00012720337503735468,0.00012720337503735468,1.5611028914008784e-08,2.3498176737746235e-09
features.10.conv.1.0,360,0.22893262511892457,0.2289017717778396,-3.085334108496318e-05,3.085334108496318e-05,3.772176526695148e-08,2.77486229549595e-08
features.10.conv.1.0,361,0.22893262511892457,0.22451629813473062,-0.004416326984193947,0.004416326984193947,5.448229600801824e-08,7.476904073655533e-08
features.10.conv.1.0,362,0.22893262511892457,0.22663410313166565,-0.0022985219872589113,0.0022985219872589113,8.979118604202085e-08,9.610557905048722e-10
features.10.conv.1.0,363,0.22893262511892457,0.2296361530032319,0.0007035278843073312,0.0007035278843073312,1.7363570137263196e-08,2.989047676038581e-09
features.10.conv.1.0,364,0.22893262511892457,0.22855295927025934,-0.0003796658486652227,0.0003796658486652227,1.4580038509848237e-08,4.5557838057597166e-10
features.10.conv.1.0,365,0.22893262511892457,0.22933918704312767,0.00040656192420310266,0.00040656192420310266,1.1236509500633929e-08,9.86316361917261e-10
features.10.conv.1.0,366,0.22893262511892457,0.2275519447832384,-0.0013806803356861685,0.0013806803356861685,1.1718731229848345e-07,2.1936346072948254e-09
features.10.conv.1.0,367,0.22893262511892457,0.229468903510401,0.0005362783914764357,0.0005362783914764357,2.2903538621221742e-08,1.1773600760989211e-07
features.10.conv.1.0,368,0.22893262511892457,0.2284459451300387,-0.00048667998888585196,0.00048667998888585196,7.240346100445549e-09,2.1117569914963497e-09
features.10.conv.1.0,369,0.22893262511892457,0.22720467629932928,-0.0017279488195952875,0.0017279488195952875,7.108889832352361e-08,1.673443605909597e-09
features.10.conv.1.0,370,0.22893262511892457,0.22961790671770932,0.0006852815987847538,0.0006852815987847538,1.3845185442562524e-08,1.8554366931766708e-09
features.10.conv.1.0,371,0.22893262511892457,0.22988899602086818,0.0009563709019436151,0.0009563709019436151,1.120271164722908e-08,1.7579161237790686e-08
features.10.conv.1.0,372,0.22893262511892457,0.23193028336488467,0.0029976582459600998,0.0029976582459600998,1.9624896197001362e-07,2.936801246633536e-09
features.10.conv.1.0,373,0.22893262511892457,0.23067835125861338,0.001745726139688819,0.001745726139688819,3.965788764048739e-08,2.055448256044201e-09
features.10.conv.1.0,374,0.22893262511892457,0.23104178513800905,0.002109160019084483,0.002109160019084483,6.780821237839518e-09,9.821395252629372e-09
features.10.conv.1.0,375,0.22893262511892457,0.22902572945602545,9.31043371008855e-05,9.31043371008855e-05,1.114522252265715e-08,1.4871814890682344e-09
features.10.conv.1.0,376,0.22893262511892457,0.2284654499524084,-0.0004671751665161761,0.0004671751665161761,5.830411264895474e-09,1.158063955841726e-08
features.10.conv.1.0,377,0.22893262511892457,0.22857440438761767,-0.00035822073130689636,0.00035822073130689636,1.2500713353347237e-08,1.373895441858508e-09
features.10.conv.1.0,378,0.22893262511892457,0.23319308093955696,0.004260455820632392,0.004260455820632392,4.696152089422867e-08,1.0981536568976935e-08
features.10.conv.1.0,379,0.22893262511892457,0.2180866907296255,-0.010845934389299067,0.010845934389299067,6.771929150772849e-08,1.8739616525209613e-09
features.10.conv.1.0,380,0.22893262511892457,0.22804333650891345,-0.000889288610011113,0.000889288610011113,5.774175093620215e-08,8.39510327921289e-09
features.10.conv.1.0,381,0.22893262511892457,0.22884710561538346,-8.551950354110383e-05,8.551950354110383e-05,2.6901933125600408e-08,3.498844591831585e-08
features.10.conv.1.0,382,0.22893262511892457,0.22934425480299328,0.00041162968406871503,0.00041162968406871503,4.171913658979065e-08,6.034420518830075e-09
features.10.conv.1.0,383,0.22893262511892457,0.2290456590331138,0.0001130339141892367,0.0001130339141892367,2.2571061464304876e-08,2.348057215328936e-08
