layer,block,channel,baseline_eo_all,pruned_eo_all,delta_eo_all,delta_eo_all_abs,phi,perf
features.10.conv.1.0,features.10,0,0.17054892370443422,0.17054892370443422,0.0,0.0,0.0,0.0
features.10.conv.1.0,features.10,1,0.17054892370443422,0.17048388588725502,-6.50378171792032e-05,6.50378171792032e-05,3.1059514071785095e-08,4.47684478377397e-09
features.10.conv.1.0,features.10,2,0.17054892370443422,0.17075838648866268,0.00020946278422845355,0.00020946278422845355,1.4255051361544702e-08,2.234119667043899e-09
features.10.conv.1.0,features.10,3,0.17054892370443422,0.17051614362975565,-3.278007467857891e-05,3.278007467857891e-05,6.560934195931624e-08,8.104153320642736e-10
features.10.conv.1.0,features.10,4,0.17054892370443422,0.17027533682321222,-0.00027358688122200436,0.00027358688122200436,1.1983490644240646e-08,8.48885986504122e-09
features.10.conv.1.0,features.10,5,0.17054892370443422,0.1702713067562271,-0.00027761694820713223,0.00027761694820713223,1.6750853149005707e-08,2.1697210556004265e-08
features.10.conv.1.0,features.10,6,0.17054892370443422,0.17000288410826192,-0.0005460395961723041,0.0005460395961723041,2.0707821235532723e-08,3.504837475798439e-09
features.10.conv.1.0,features.10,7,0.17054892370443422,0.17038246905443866,-0.0001664546499955677,0.0001664546499955677,7.350579522835687e-08,1.964296225676065e-08
features.10.conv.1.0,features.10,8,0.17054892370443422,0.1713856328245845,0.0008367091201502697,0.0008367091201502697,8.838604514949111e-09,1.1736299543319006e-08
features.10.conv.1.0,features.10,9,0.17054892370443422,0.17116943192053485,0.0006205082161006292,0.0006205082161006292,1.9597464984144608e-08,2.3324397996349333e-08
features.10.conv.1.0,features.10,10,0.17054892370443422,0.17038891040962517,-0.00016001329480905269,0.00016001329480905269,6.54175309477978e-08,1.7573257987679723e-09
features.10.conv.1.0,features.10,11,0.17054892370443422,0.17076872093792653,0.00021979723349230262,0.00021979723349230262,1.8137871649059892e-08,3.895008177101644e-09
features.10.conv.1.0,features.10,12,0.17054892370443422,0.1704871437950993,-6.177990933492472e-05,6.177990933492472e-05,2.128976994697496e-08,3.121267480588052e-09
features.10.conv.1.0,features.10,13,0.17054892370443422,0.17038800716354013,-0.00016091654089409047,0.00016091654089409047,9.75676499592737e-08,3.3246399522290915e-09
features.10.conv.1.0,features.10,14,0.17054892370443422,0.16995708475891183,-0.0005918389455223938,0.0005918389455223938,8.137754292647514e-08,1.380977915355075e-09
features.10.conv.1.0,features.10,15,0.17054892370443422,0.17023623523130113,-0.00031268847313309367,0.00031268847313309367,3.581401841756815e-08,2.374478835776017e-09
features.10.conv.1.0,features.10,16,0.17054892370443422,0.1705023789223999,-4.654478203433565e-05,4.654478203433565e-05,2.5003199510820195e-08,3.2688436679695343e-09
features.10.conv.1.0,features.10,17,0.17054892370443422,0.17071123840411673,0.00016231469968250312,0.00016231469968250312,6.041650379984277e-08,1.2037008084719858e-08
features.10.conv.1.0,features.10,18,0.17054892370443422,0.17037298181230967,-0.0001759418921245537,0.0001759418921245537,6.2306599879491395e-09,3.322532207694628e-09
features.10.conv.1.0,features.10,19,0.17054892370443422,0.17028168166358051,-0.00026724204085371017,0.00026724204085371017,8.022299269327961e-09,1.883255419665719e-09
features.10.conv.1.0,features.10,20,0.17054892370443422,0.1702308992792348,-0.0003180244251994313,0.0003180244251994313,4.2342282569052265e-08,8.121177369480037e-09
features.10.conv.1.0,features.10,21,0.17054892370443422,0.17049390187044614,-5.502183398808924e-05,5.502183398808924e-05,2.1613880463178248e-08,5.0840594512102655e-09
features.10.conv.1.0,features.10,22,0.17054892370443422,0.17011183465947113,-0.0004370890449630904,0.0004370890449630904,4.4870656523698926e-08,1.7159086929119383e-09
features.10.conv.1.0,features.10,23,0.17054892370443422,0.17017176947952029,-0.00037715422491393924,0.00037715422491393924,3.3778718488974846e-08,5.0808540985602946e-09
features.10.conv.1.0,features.10,24,0.17054892370443422,0.1695239423716773,-0.0010249813327569135,0.0010249813327569135,1.3448173241670249e-08,1.3185630864942512e-08
features.10.conv.1.0,features.10,25,0.17054892370443422,0.17021736384167557,-0.00033155986275865135,0.00033155986275865135,1.473014918929039e-07,4.596709124449205e-09
features.10.conv.1.0,features.10,26,0.17054892370443422,0.1705364803835387,-1.2443320895533239e-05,1.2443320895533239e-05,3.2740661737307164e-08,2.385251607339711e-09
features.10.conv.1.0,features.10,27,0.17054892370443422,0.1712427739017358,0.0006938501973015876,0.0006938501973015876,4.181038448791696e-08,1.1742214922616512e-08
features.10.conv.1.0,features.10,28,0.17054892370443422,0.17045495693508508,-9.396676934914083e-05,9.396676934914083e-05,1.8686295177872125e-08,5.095704205815288e-09
features.10.conv.1.0,features.10,29,0.17054892370443422,0.17020014802742603,-0.0003487756770081951,0.0003487756770081951,1.012663801702729e-07,1.31148561455241e-09
features.10.conv.1.0,features.10,30,0.17054892370443422,0.1724930431469338,0.0019441194424995867,0.0019441194424995867,2.1487265655650845e-07,8.799975637074908e-09
features.10.conv.1.0,features.10,31,0.17054892370443422,0.17025065487607796,-0.0002982688283562629,0.0002982688283562629,2.1659806392904105e-08,4.954656185329753e-09
features.10.conv.1.0,features.10,32,0.17054892370443422,0.17017104171523773,-0.00037788198919649907,0.00037788198919649907,2.1434093611105712e-08,2.1110614090158464e-09
features.10.conv.1.0,features.10,33,0.17054892370443422,0.17044040594261245,-0.00010851776182177475,0.00010851776182177475,5.9307133426500513e-08,6.789107775961867e-09
features.10.conv.1.0,features.10,34,0.17054892370443422,0.16955618842550196,-0.0009927352789322608,0.0009927352789322608,6.943447772300716e-08,1.3272702825695148e-08
features.10.conv.1.0,features.10,35,0.17054892370443422,0.16903243391710213,-0.0015164897873320982,0.0015164897873320982,1.4399451231383864e-07,3.103704432350085e-09
features.10.conv.1.0,features.10,36,0.17054892370443422,0.17034493034296963,-0.0002039933614645939,0.0002039933614645939,5.897366861518095e-08,1.4022773914268427e-09
features.10.conv.1.0,features.10,37,0.17054892370443422,0.17092833308107022,0.0003794093766359974,0.0003794093766359974,8.63474625134586e-08,1.4129609982038716e-09
features.10.conv.1.0,features.10,38,0.17054892370443422,0.17042802192906242,-0.00012090177537180113,0.00012090177537180113,1.202444632752986e-08,1.587952658255176e-09
features.10.conv.1.0,features.10,39,0.17054892370443422,0.17006207701969392,-0.00048684668474030524,0.00048684668474030524,8.806350138002018e-08,2.440009971849122e-09
features.10.conv.1.0,features.10,40,0.17054892370443422,0.1704207556664302,-0.00012816803800402843,0.00012816803800402843,1.514035119498658e-07,3.050002417293029e-09
features.10.conv.1.0,features.10,41,0.17054892370443422,0.1761561455620517,0.005607221857617473,0.005607221857617473,2.3396131254571628e-08,1.7637895699529338e-08
features.10.conv.1.0,features.10,42,0.17054892370443422,0.17007110770956269,-0.0004778159948715388,0.0004778159948715388,2.1998955546109755e-08,5.8892977855551365e-09
features.10.conv.1.0,features.10,43,0.17054892370443422,0.17099412442745918,0.00044520072302495217,0.00044520072302495217,6.575439925882165e-08,6.6194084658022234e-09
features.10.conv.1.0,features.10,44,0.17054892370443422,0.17038239364222962,-0.00016653006220460065,0.00016653006220460065,3.318476871072562e-08,2.444704369497508e-10
features.10.conv.1.0,features.10,45,0.17054892370443422,0.17069950977077483,0.00015058606634060778,0.00015058606634060778,3.1850539983224735e-08,1.885584646754701e-09
features.10.conv.1.0,features.10,46,0.17054892370443422,0.16948542794596771,-0.0010634957584665095,0.0010634957584665095,2.5650455981462983e-08,2.1121596860407266e-08
features.10.conv.1.0,features.10,47,0.17054892370443422,0.1732473091810373,0.002698385476603088,0.002698385476603088,9.539355971810437e-08,2.8488053249731138e-08
features.10.conv.1.0,features.10,48,0.17054892370443422,0.17002084911809362,-0.0005280745863406044,0.0005280745863406044,3.290445604875458e-08,1.7226645387946602e-09
features.10.conv.1.0,features.10,49,0.17054892370443422,0.17012023558350906,-0.00042868812092516917,0.00042868812092516917,2.0239099285390694e-08,3.1635664921036973e-09
features.10.conv.1.0,features.10,50,0.17054892370443422,0.1704978468033842,-5.107690105002338e-05,5.107690105002338e-05,4.4259266474000476e-08,1.756457063128991e-09
features.10.conv.1.0,features.10,51,0.17054892370443422,0.1703360647438427,-0.0002128589605915332,0.0002128589605915332,2.5688930094247556e-08,3.3977859831280104e-09
features.10.conv.1.0,features.10,52,0.17054892370443422,0.17065726846116933,0.00010834475673510147,0.00010834475673510147,1.0297171115780657e-07,8.727233435923411e-09
features.10.conv.1.0,features.10,53,0.17054892370443422,0.16965662548826535,-0.0008922982161688742,0.0008922982161688742,1.2621869416307166e-07,3.937017267752196e-09
features.10.conv.1.0,features.10,54,0.17054892370443422,0.1701424835867227,-0.0004064401177115151,0.0004064401177115151,4.719553459153759e-08,5.787021251091318e-09
features.10.conv.1.0,features.10,55,0.17054892370443422,0.170340973574055,-0.00020795013037921972,0.00020795013037921972,6.326973789327894e-08,1.6232641203428601e-09
features.10.conv.1.0,features.10,56,0.17054892370443422,0.1699601055251394,-0.0005888181792948199,0.0005888181792948199,1.7276942543276164e-08,6.524204329561023e-09
features.10.conv.1.0,features.10,57,0.17054892370443422,0.17070446910869996,0.00015554540426573893,0.00015554540426573893,5.8159216109743284e-08,4.127055017177916e-10
features.10.conv.1.0,features.10,58,0.17054892370443422,0.1697016303765181,-0.0008472933279161377,0.0008472933279161377,3.938594872465728e-08,4.5865405917666635e-09
features.10.conv.1.0,features.10,59,0.17054892370443422,0.16998345189486203,-0.0005654718095721989,0.0005654718095721989,7.794213985334865e-08,4.6316369003984725e-09
features.10.conv.1.0,features.10,60,0.17054892370443422,0.17081871441214316,0.000269790707708939,0.000269790707708939,2.1297632102346146e-08,4.4923416764319775e-08
features.10.conv.1.0,features.10,61,0.17054892370443422,0.17035279754797467,-0.00019612615645955844,0.00019612615645955844,3.9204131496717316e-08,3.037290287333238e-09
features.10.conv.1.0,features.10,62,0.17054892370443422,0.16979242682363746,-0.0007564968807967642,0.0007564968807967642,1.3775880880473323e-08,3.8531291046695066e-08
features.10.conv.1.0,features.10,63,0.17054892370443422,0.16998482896446468,-0.0005640947399695451,0.0005640947399695451,2.9800775180888195e-08,4.6069265069448315e-09
features.10.conv.1.0,features.10,64,0.17054892370443422,0.1706282892267138,7.93655222795786e-05,7.93655222795786e-05,3.483065924569928e-08,2.7663095147900663e-09
features.10.conv.1.0,features.10,65,0.17054892370443422,0.1705428943522189,-6.029352215330963e-06,6.029352215330963e-06,6.995202195270167e-09,7.410089430948119e-09
features.10.conv.1.0,features.10,66,0.17054892370443422,0.17007910774456766,-0.00046981595986655966,0.00046981595986655966,9.605531481327034e-09,1.5908557804422685e-08
features.10.conv.1.0,features.10,67,0.17054892370443422,0.1705575663788989,8.642674464681699e-06,8.642674464681699e-06,9.101682252321552e-08,1.4782390866940887e-09
features.10.conv.1.0,features.10,68,0.17054892370443422,0.17069565204291856,0.00014672833848433653,0.00014672833848433653,6.096575333458533e-08,2.00568708308424e-08
features.10.conv.1.0,features.10,69,0.17054892370443422,0.17025668605925892,-0.0002922376451753028,0.0002922376451753028,3.6793348812125266e-08,5.0894798375722425e-09
features.10.conv.1.0,features.10,70,0.17054892370443422,0.1698370293459344,-0.0007118943584998316,0.0007118943584998316,2.8750704927915652e-08,3.088895131342362e-07
features.10.conv.1.0,features.10,71,0.17054892370443422,0.17047102176669268,-7.790193774154242e-05,7.790193774154242e-05,1.755719836182834e-08,3.138136500657751e-09
features.10.conv.1.0,features.10,72,0.17054892370443422,0.17066342421246242,0.00011450050802819245,0.00011450050802819245,8.5541714156534e-08,3.958613159493751e-09
features.10.conv.1.0,features.10,73,0.17054892370443422,0.17085915500034862,0.00031023129591439824,0.00031023129591439824,8.424414943419833e-08,1.4342785625842682e-08
features.10.conv.1.0,features.10,74,0.17054892370443422,0.17100971019084807,0.00046078648641384445,0.00046078648641384445,1.2389844705751331e-08,4.762108651856778e-09
features.10.conv.1.0,features.10,75,0.17054892370443422,0.16877277851426542,-0.0017761451901688041,0.0017761451901688041,1.8638470322684952e-08,8.48205608527941e-09
features.10.conv.1.0,features.10,76,0.17054892370443422,0.17002930464664617,-0.0005196190577880511,0.0005196190577880511,6.130797203240945e-08,7.256995948612399e-09
features.10.conv.1.0,features.10,77,0.17054892370443422,0.1703627474937606,-0.00018617621067362755,0.00018617621067362755,1.4710550111374232e-08,1.8804216517231964e-09
features.10.conv.1.0,features.10,78,0.17054892370443422,0.1706105795124497,6.165580801548165e-05,6.165580801548165e-05,2.7883189090971428e-08,3.326225447852771e-09
features.10.conv.1.0,features.10,79,0.17054892370443422,0.17065333820260045,0.00010441449816622761,0.00010441449816622761,1.3492226003108954e-08,1.2845947049144881e-09
features.10.conv.1.0,features.10,80,0.17054892370443422,0.17077929113619092,0.00023036743175669505,0.00023036743175669505,4.0241456389367165e-08,6.013254200132323e-09
features.10.conv.1.0,features.10,81,0.17054892370443422,0.17007627526297256,-0.00047264844146166496,0.00047264844146166496,1.7159438314706676e-08,5.085583065778111e-09
features.10.conv.1.0,features.10,82,0.17054892370443422,0.17100293122444238,0.0004540075200081539,0.0004540075200081539,1.852611752894973e-08,3.235102685739122e-09
features.10.conv.1.0,features.10,83,0.17054892370443422,0.17815372382729686,0.007604800122862632,0.007604800122862632,5.6219910504751176e-08,5.2557845908740575e-08
features.10.conv.1.0,features.10,84,0.17054892370443422,0.17041830374977066,-0.0001306199546635689,0.0001306199546635689,2.9006073987147832e-08,3.599878450888383e-09
features.10.conv.1.0,features.10,85,0.17054892370443422,0.17071489320579095,0.00016596950135672195,0.00016596950135672195,1.9793315431115843e-08,2.024391577981621e-09
features.10.conv.1.0,features.10,86,0.17054892370443422,0.17092036349572717,0.000371439791292949,0.000371439791292949,3.932917280735637e-08,6.208639324878362e-09
features.10.conv.1.0,features.10,87,0.17054892370443422,0.17065552507560805,0.00010660137117382562,0.00010660137117382562,3.4427976913775644e-08,5.6795043196222756e-08
features.10.conv.1.0,features.10,88,0.17054892370443422,0.17097313082608318,0.0004242071216489507,0.0004242071216489507,4.6998639646744784e-08,5.671628694470243e-09
features.10.conv.1.0,features.10,89,0.17054892370443422,0.17050484457699924,-4.407912743498166e-05,4.407912743498166e-05,5.271460423728058e-08,6.211318598348114e-09
features.10.conv.1.0,features.10,90,0.17054892370443422,0.16998597660717146,-0.0005629470972627615,0.0005629470972627615,1.1712262271146301e-08,1.686557435376379e-09
features.10.conv.1.0,features.10,91,0.17054892370443422,0.16983526266943896,-0.000713661034995261,0.000713661034995261,7.058318374220107e-09,2.504268189346126e-08
features.10.conv.1.0,features.10,92,0.17054892370443422,0.16976502374282074,-0.0007838999616134879,0.0007838999616134879,3.135894388606175e-08,2.9085662767158733e-09
features.10.conv.1.0,features.10,93,0.17054892370443422,0.17443877482699835,0.0038898511225641252,0.0038898511225641252,4.3092672541433785e-08,1.6594546736747873e-07
features.10.conv.1.0,features.10,94,0.17054892370443422,0.17024982225378252,-0.00029910145065170646,0.00029910145065170646,8.968020104305197e-09,1.7676669329669267e-10
features.10.conv.1.0,features.10,95,0.17054892370443422,0.17053045348148513,-1.8470222949096282e-05,1.8470222949096282e-05,2.73074896028902e-08,1.1016461562429747e-09
features.10.conv.1.0,features.10,96,0.17054892370443422,0.17053979780382092,-9.125900613304871e-06,9.125900613304871e-06,3.2400464533566264e-08,1.2754406142345687e-09
features.10.conv.1.0,features.10,97,0.17054892370443422,0.1703182494508402,-0.00023067425359402094,0.00023067425359402094,2.0674633560702205e-08,2.2852541178841604e-09
features.10.conv.1.0,features.10,98,0.17054892370443422,0.17030481819422236,-0.00024410551021186722,0.00024410551021186722,3.977767448759551e-08,6.074192648863885e-09
features.10.conv.1.0,features.10,99,0.17054892370443422,0.17135522216161683,0.0008062984571826082,0.0008062984571826082,1.9141336338179826e-07,1.9761949160423953e-09
features.10.conv.1.0,features.10,100,0.17054892370443422,0.16974469777528547,-0.0008042259291487497,0.0008042259291487497,3.389599001479837e-08,1.1472921973565421e-08
features.10.conv.1.0,features.10,101,0.17054892370443422,0.17115095122858584,0.000602027524151616,0.000602027524151616,4.049832469377179e-08,1.4200662812324794e-08
features.10.conv.1.0,features.10,102,0.17054892370443422,0.17020776099163035,-0.00034116271280387744,0.00034116271280387744,2.0752523255396227e-08,1.7331805712839101e-09
features.10.conv.1.0,features.10,103,0.17054892370443422,0.17038555462003838,-0.00016336908439584796,0.00016336908439584796,2.4548947763491924e-08,3.1724005644662157e-09
features.10.conv.1.0,features.10,104,0.17054892370443422,0.17030280787577673,-0.00024611582865749493,0.00024611582865749493,9.044332216490149e-08,2.738995308337877e-09
features.10.conv.1.0,features.10,105,0.17054892370443422,0.17005847594167578,-0.0004904477627584447,0.0004904477627584447,2.8139215402234186e-08,1.3396146969490983e-09
features.10.conv.1.0,features.10,106,0.17054892370443422,0.1701272343837082,-0.00042168932072603194,0.00042168932072603194,7.860080586397089e-08,7.272632288057855e-10
features.10.conv.1.0,features.10,107,0.17054892370443422,0.16983370974228762,-0.0007152139621466047,0.0007152139621466047,1.5028879474243695e-08,2.7990607179284588e-08
features.10.conv.1.0,features.10,108,0.17054892370443422,0.17065915426241549,0.00011023055798126125,0.00011023055798126125,2.4601622072850663e-08,3.4788006086916563e-09
features.10.conv.1.0,features.10,109,0.17054892370443422,0.16999423378168843,-0.0005546899227457935,0.0005546899227457935,6.9551155945646315e-09,4.344134864331384e-09
features.10.conv.1.0,features.10,110,0.17054892370443422,0.1705244521306418,-2.447157379242837e-05,2.447157379242837e-05,1.8354397113284904e-08,2.5210313517320948e-08
features.10.conv.1.0,features.10,111,0.17054892370443422,0.1708456335990627,0.0002967098946284885,0.0002967098946284885,5.935218538866138e-08,1.3596820835903856e-08
features.10.conv.1.0,features.10,112,0.17054892370443422,0.17070342171095745,0.00015449800652322931,0.00015449800652322931,3.4374664892311564e-08,1.6080759029923897e-08
features.10.conv.1.0,features.10,113,0.17054892370443422,0.17012478146890664,-0.0004241422355275859,0.0004241422355275859,1.7601886170837133e-08,6.790153134206278e-09
features.10.conv.1.0,features.10,114,0.17054892370443422,0.17030480415183671,-0.0002441195525975104,0.0002441195525975104,2.5858140517698306e-08,3.0785999513560647e-09
features.10.conv.1.0,features.10,115,0.17054892370443422,0.17067637965638624,0.00012745595195201576,0.00012745595195201576,1.9337681678166522e-08,6.208034600274637e-09
features.10.conv.1.0,features.10,116,0.17054892370443422,0.17020726387849372,-0.0003416598259405046,0.0003416598259405046,1.669838844975402e-08,3.665240028150052e-09
features.10.conv.1.0,features.10,117,0.17054892370443422,0.17083169184559802,0.0002827681411637917,0.0002827681411637917,2.0643170728362747e-08,1.8407771973372178e-08
features.10.conv.1.0,features.10,118,0.17054892370443422,0.17036544503398493,-0.0001834786704492941,0.0001834786704492941,4.3534278404422366e-08,1.0965887226044302e-09
features.10.conv.1.0,features.10,119,0.17054892370443422,0.1703979467686493,-0.00015097693578491889,0.00015097693578491889,2.4036221901724275e-08,3.374926407784251e-09
features.10.conv.1.0,features.10,120,0.17054892370443422,0.17035348848937182,-0.00019543521506240613,0.00019543521506240613,1.4052392138808044e-08,5.564547329861558e-10
features.10.conv.1.0,features.10,121,0.17054892370443422,0.1704331375366647,-0.0001157861677695271,0.0001157861677695271,1.0819124440786255e-07,2.245527830346816e-08
features.10.conv.1.0,features.10,122,0.17054892370443422,0.16965029359054795,-0.0008986301138862729,0.0008986301138862729,8.614780711013736e-08,9.67524610429038e-09
features.10.conv.1.0,features.10,123,0.17054892370443422,0.17042923229999335,-0.00011969140444087478,0.00011969140444087478,1.2686992789667784e-08,5.737203871702956e-09
features.10.conv.1.0,features.10,124,0.17054892370443422,0.1705395034156354,-9.42028879882817e-06,9.42028879882817e-06,5.4833328988479486e-08,7.4283983270140305e-09
features.10.conv.1.0,features.10,125,0.17054892370443422,0.1707787357028917,0.0002298119984574798,0.0002298119984574798,4.9470617824454166e-08,4.1440952017191e-08
features.10.conv.1.0,features.10,126,0.17054892370443422,0.16932701491346255,-0.0012219087909716708,0.0012219087909716708,6.294676779816656e-08,1.1361036222901078e-08
features.10.conv.1.0,features.10,127,0.17054892370443422,0.1706006920160191,5.17683115848766e-05,5.17683115848766e-05,9.055405314484233e-09,5.823608484334386e-09
features.10.conv.1.0,features.10,128,0.17054892370443422,0.17056641949057283,1.749578613860492e-05,1.749578613860492e-05,1.6084356957435375e-08,1.4722903035613302e-09
features.10.conv.1.0,features.10,129,0.17054892370443422,0.1712384515943923,0.0006895278899580748,0.0006895278899580748,6.843947630841285e-08,2.7927835627439282e-08
features.10.conv.1.0,features.10,130,0.17054892370443422,0.17065496453133736,0.00010604082690313099,0.00010604082690313099,1.5628241811782573e-08,1.5890829485609712e-09
features.10.conv.1.0,features.10,131,0.17054892370443422,0.17018870046512058,-0.0003602232393136451,0.0003602232393136451,8.20988859118188e-08,1.404572791408043e-09
features.10.conv.1.0,features.10,132,0.17054892370443422,0.1705319253228323,-1.6998381601934787e-05,1.6998381601934787e-05,4.519436824779177e-09,1.53528077403986e-10
features.10.conv.1.0,features.10,133,0.17054892370443422,0.1702635480656322,-0.00028537563880201566,0.00028537563880201566,1.3113492514094105e-08,6.161437644813804e-10
features.10.conv.1.0,features.10,134,0.17054892370443422,0.17204847720933555,0.0014995535049013298,0.0014995535049013298,6.908916816428247e-08,1.7321820117155443e-08
features.10.conv.1.0,features.10,135,0.17054892370443422,0.17063905164503096,9.012794059673479e-05,9.012794059673479e-05,1.1468091543065385e-07,9.600306660750846e-10
features.10.conv.1.0,features.10,136,0.17054892370443422,0.17037824562951814,-0.00017067807491608078,0.00017067807491608078,2.1338456335229242e-08,2.5705590780966675e-10
features.10.conv.1.0,features.10,137,0.17054892370443422,0.17053158331356646,-1.7340390867759403e-05,1.7340390867759403e-05,9.089301755693668e-09,4.0312261515018655e-09
features.10.conv.1.0,features.10,138,0.17054892370443422,0.1708168960637126,0.00026797235927836227,0.00026797235927836227,8.325547362630914e-09,3.636662866679519e-09
features.10.conv.1.0,features.10,139,0.17054892370443422,0.1700183545809074,-0.0005305691235268362,0.0005305691235268362,1.664925264321937e-08,1.0345827056168488e-08
features.10.conv.1.0,features.10,140,0.17054892370443422,0.17047127741209853,-7.764629233569798e-05,7.764629233569798e-05,6.066702695761705e-08,1.0824572627132769e-08
features.10.conv.1.0,features.10,141,0.17054892370443422,0.17018812546911238,-0.00036079823532184085,0.00036079823532184085,2.4857396141442223e-08,1.9984007226803158e-09
features.10.conv.1.0,features.10,142,0.17054892370443422,0.1706667861818782,0.0001178624774439696,0.0001178624774439696,2.0241795795072903e-08,4.121792393507739e-09
features.10.conv.1.0,features.10,143,0.17054892370443422,0.1702255889331908,-0.0003233347712434109,0.0003233347712434109,7.132003787546638e-08,2.193000565864356e-09
features.10.conv.1.0,features.10,144,0.17054892370443422,0.17016852738842367,-0.0003803963160105561,0.0003803963160105561,6.558737908335388e-08,2.4773088025398238e-09
features.10.conv.1.0,features.10,145,0.17054892370443422,0.1702136599375934,-0.0003352637668408154,0.0003352637668408154,3.6622488153170714e-08,7.614646690967675e-10
features.10.conv.1.0,features.10,146,0.17054892370443422,0.17038264110926185,-0.00016628259517237343,0.00016628259517237343,3.533215675588508e-08,3.796276674961074e-09
features.10.conv.1.0,features.10,147,0.17054892370443422,0.17064162065568675,9.269695125252442e-05,9.269695125252442e-05,1.8379647315214245e-07,6.915052863654125e-09
features.10.conv.1.0,features.10,148,0.17054892370443422,0.17015117093951318,-0.0003977527649210444,0.0003977527649210444,6.381679895639536e-08,1.850621006438402e-08
features.10.conv.1.0,features.10,149,0.17054892370443422,0.1705468354334438,-2.0882709904357366e-06,2.0882709904357366e-06,0.0,1.0584453828671589e-15
features.10.conv.1.0,features.10,150,0.17054892370443422,0.17038858074553304,-0.00016034295890118844,0.00016034295890118844,4.41451986077368e-09,9.97569832295042e-10
features.10.conv.1.0,features.10,151,0.17054892370443422,0.17002715443501565,-0.000521769269418576,0.000521769269418576,2.3680511773704893e-08,6.753068715337207e-09
features.10.conv.1.0,features.10,152,0.17054892370443422,0.170739735603696,0.0001908118992617891,0.0001908118992617891,1.0204285416648419e-07,2.7312556383218833e-09
features.10.conv.1.0,features.10,153,0.17054892370443422,0.17063756461423876,8.86409098045382e-05,8.86409098045382e-05,8.021375919042839e-08,1.0799564575947331e-09
features.10.conv.1.0,features.10,154,0.17054892370443422,0.1698012555697354,-0.0007476681346988145,0.0007476681346988145,9.533618339219174e-09,1.0392839755457572e-08
features.10.conv.1.0,features.10,155,0.17054892370443422,0.17158813094157685,0.0010392072371426253,0.0010392072371426253,1.328234162656372e-07,5.6849722707141845e-09
features.10.conv.1.0,features.10,156,0.17054892370443422,0.17054892370443422,0.0,0.0,0.0,0.0
features.10.conv.1.0,features.10,157,0.17054892370443422,0.17034078734957578,-0.00020813635485844584,0.00020813635485844584,1.2453229558673229e-08,2.3609688926118366e-09
features.10.conv.1.0,features.10,158,0.17054892370443422,0.17049607700747726,-5.284669695695965e-05,5.284669695695965e-05,5.051059126515156e-09,6.687051017084665e-10
features.10.conv.1.0,features.10,159,0.17054892370443422,0.17010518216692966,-0.00044374153750456613,0.00044374153750456613,2.0089881758167397e-08,1.0313477460943687e-08
features.10.conv.1.0,features.10,160,0.17054892370443422,0.17069296948815602,0.00014404578372179122,0.00014404578372179122,2.8866745438449474e-08,6.3423364338177635e-09
features.10.conv.1.0,features.10,161,0.17054892370443422,0.1707530065532914,0.00020408284885717332,0.00020408284885717332,1.1260633314691404e-08,3.406150139717567e-09
features.10.conv.1.0,features.10,162,0.17054892370443422,0.17053113886867277,-1.7784835761452955e-05,1.7784835761452955e-05,2.039125490682636e-08,1.4052006169773534e-08
features.10.conv.1.0,features.10,163,0.17054892370443422,0.1705208478988574,-2.8075805576815993e-05,2.8075805576815993e-05,3.1189358651317895e-08,3.0644925694267573e-09
features.10.conv.1.0,features.10,164,0.17054892370443422,0.1709383275185952,0.00038940381416097125,0.00038940381416097125,1.8471254747964853e-08,5.61381596764221e-09
features.10.conv.1.0,features.10,165,0.17054892370443422,0.17037661561021938,-0.00017230809421484028,0.00017230809421484028,1.0584419563031132e-08,1.8096611778539717e-09
features.10.conv.1.0,features.10,166,0.17054892370443422,0.17017570425169884,-0.0003732194527353849,0.0003732194527353849,2.7274815295186272e-08,3.945226409451941e-09
features.10.conv.1.0,features.10,167,0.17054892370443422,0.1710326927172803,0.0004837690128460803,0.0004837690128460803,6.954827114213914e-08,1.667054133625001e-09
features.10.conv.1.0,features.10,168,0.17054892370443422,0.17027753410470306,-0.0002713895997311644,0.0002713895997311644,1.8860607298165636e-08,2.050848380008574e-09
features.10.conv.1.0,features.10,169,0.17054892370443422,0.17112413045754574,0.0005752067531115124,0.0005752067531115124,3.935443970704e-08,1.0817285026054613e-08
features.10.conv.1.0,features.10,170,0.17054892370443422,0.1702927266036436,-0.00025619710079061164,0.00025619710079061164,5.6665403036504365e-08,3.769478881809896e-09
features.10.conv.1.0,features.10,171,0.17054892370443422,0.17029546889842082,-0.000253454806013409,0.000253454806013409,3.314175955893006e-08,1.7023990550590895e-09
features.10.conv.1.0,features.10,172,0.17054892370443422,0.17022119205062794,-0.00032773165380628466,0.00032773165380628466,4.1588883448184795e-08,1.598347634801378e-09
features.10.conv.1.0,features.10,173,0.17054892370443422,0.17034493954042734,-0.0002039841640068818,0.0002039841640068818,2.26963940974656e-08,1.478126121501333e-09
features.10.conv.1.0,features.10,174,0.17054892370443422,0.17016853735247137,-0.0003803863519628581,0.0003803863519628581,6.56721894642942e-08,5.012156800709987e-10
features.10.conv.1.0,features.10,175,0.17054892370443422,0.17042084960835963,-0.00012807409607459852,0.00012807409607459852,1.987579523188288e-08,3.191372138777737e-09
features.10.conv.1.0,features.10,176,0.17054892370443422,0.17059501596312446,4.609225869023348e-05,4.609225869023348e-05,5.578181028198514e-09,4.059841199333114e-09
features.10.conv.1.0,features.10,177,0.17054892370443422,0.16998430518872423,-0.0005646185157099914,0.0005646185157099914,1.2902985346840978e-08,3.656839159260628e-08
features.10.conv.1.0,features.10,178,0.17054892370443422,0.17040790700823816,-0.00014101669619606683,0.00014101669619606683,3.584136720746756e-08,2.785507796643216e-09
features.10.conv.1.0,features.10,179,0.17054892370443422,0.1705224033828825,-2.6520321551731785e-05,2.6520321551731785e-05,1.7588352108077743e-08,6.601254681770641e-09
features.10.conv.1.0,features.10,180,0.17054892370443422,0.17029169812575035,-0.0002572255786838784,0.0002572255786838784,2.5410599846509285e-08,3.1324728089199283e-09
features.10.conv.1.0,features.10,181,0.17054892370443422,0.17025140111019388,-0.0002975225942403459,0.0002975225942403459,4.70427519161376e-09,2.473333968189273e-10
features.10.conv.1.0,features.10,182,0.17054892370443422,0.17054892370443422,0.0,0.0,0.0,0.0
features.10.conv.1.0,features.10,183,0.17054892370443422,0.17081553314086004,0.00026660943642581314,0.00026660943642581314,2.3751479005795773e-08,5.818325543582858e-09
features.10.conv.1.0,features.10,184,0.17054892370443422,0.17029653537472433,-0.00025238832970989056,0.00025238832970989056,1.3166574497347485e-08,8.686869126806052e-09
features.10.conv.1.0,features.10,185,0.17054892370443422,0.1707194746537371,0.00017055094930287784,0.00017055094930287784,7.52411821736132e-08,5.849095763288403e-09
features.10.conv.1.0,features.10,186,0.17054892370443422,0.17034480523993797,-0.00020411846449625015,0.00020411846449625015,3.731981124133199e-08,4.900741756852511e-09
features.10.conv.1.0,features.10,187,0.17054892370443422,0.1700993469072614,-0.00044957679717283483,0.00044957679717283483,3.772877121832608e-08,5.021600107957269e-09
features.10.conv.1.0,features.10,188,0.17054892370443422,0.1700504751511427,-0.0004984485532915361,0.0004984485532915361,5.939738656479677e-08,1.5123265834082742e-09
features.10.conv.1.0,features.10,189,0.17054892370443422,0.17037158423165796,-0.00017733947277626116,0.00017733947277626116,4.13618543859684e-08,2.5402470682500677e-09
features.10.conv.1.0,features.10,190,0.17054892370443422,0.17052534842469944,-2.357527973478879e-05,2.357527973478879e-05,1.4109545531937329e-07,2.2189359516477936e-09
features.10.conv.1.0,features.10,191,0.17054892370443422,0.1710189037080607,0.00046998000362646897,0.00046998000362646897,1.4620356125760736e-07,1.740690008800172e-09
features.10.conv.1.0,features.10,192,0.17054892370443422,0.16983995831369583,-0.0007089653907383919,0.0007089653907383919,1.624133290079044e-07,2.1756648149739988e-09
features.10.conv.1.0,features.10,193,0.17054892370443422,0.1701629420234719,-0.00038598168096232177,0.00038598168096232177,1.2178244190863552e-08,1.2559847467619176e-09
features.10.conv.1.0,features.10,194,0.17054892370443422,0.17005087635442967,-0.0004980473500045546,0.0004980473500045546,1.091591030899508e-07,2.3796312142998492e-09
features.10.conv.1.0,features.10,195,0.17054892370443422,0.1705623146827658,1.3390978331584424e-05,1.3390978331584424e-05,7.813202529405316e-08,8.158826322879341e-10
features.10.conv.1.0,features.10,196,0.17054892370443422,0.17022147489055753,-0.0003274488138766962,0.0003274488138766962,2.3889347389172144e-08,4.471141526463107e-09
features.10.conv.1.0,features.10,197,0.17054892370443422,0.16996651619016787,-0.0005824075142663587,0.0005824075142663587,2.9782553312429627e-08,5.070531661210964e-09
features.10.conv.1.0,features.10,198,0.17054892370443422,0.17047336667887972,-7.555702555450683e-05,7.555702555450683e-05,1.5205129599848988e-08,1.3208776711293167e-09
features.10.conv.1.0,features.10,199,0.17054892370443422,0.170788706257544,0.00023978255310977414,0.00023978255310977414,9.681847501497033e-08,1.3635875761863756e-09
features.10.conv.1.0,features.10,200,0.17054892370443422,0.16999881225552055,-0.000550111448913676,0.000550111448913676,5.886138687571929e-09,1.842736343724005e-08
features.10.conv.1.0,features.10,201,0.17054892370443422,0.1707134353796297,0.00016451167519548893,0.00016451167519548893,2.096158802089576e-08,9.158327235470054e-09
features.10.conv.1.0,features.10,202,0.17054892370443422,0.17080632795508183,0.00025740425064760264,0.00025740425064760264,1.8098289089607533e-08,3.7916881301391925e-09
features.10.conv.1.0,features.10,203,0.17054892370443422,0.17050186698665412,-4.70567177801029e-05,4.70567177801029e-05,3.4393472958527134e-08,4.440922019011141e-09
features.10.conv.1.0,features.10,204,0.17054892370443422,0.17023395931632904,-0.0003149643881051878,0.0003149643881051878,4.8178065981119296e-08,4.483056037507538e-09
features.10.conv.1.0,features.10,205,0.17054892370443422,0.17049229766977209,-5.6626034662138336e-05,5.6626034662138336e-05,1.2940973848074575e-09,1.066211147149332e-10
features.10.conv.1.0,features.10,206,0.17054892370443422,0.17026084748240727,-0.0002880762220269506,0.0002880762220269506,4.326351543681994e-08,5.4917321523628715e-09
features.10.conv.1.0,features.10,207,0.17054892370443422,0.1700739372389049,-0.0004749864655293201,0.0004749864655293201,4.8066912228250664e-08,1.1739774402608203e-08
features.10.conv.1.0,features.10,208,0.17054892370443422,0.17063257862055878,8.365491612455367e-05,8.365491612455367e-05,2.4289370514907205e-08,2.491668982251838e-09
features.10.conv.1.0,features.10,209,0.17054892370443422,0.17042893401542908,-0.0001199896890051455,0.0001199896890051455,2.341479721224005e-08,4.134223213769772e-09
features.10.conv.1.0,features.10,210,0.17054892370443422,0.16845677191052758,-0.002092151793906649,0.002092151793906649,3.187199126841733e-08,1.11218223797227e-08
features.10.conv.1.0,features.10,211,0.17054892370443422,0.17051797574726787,-3.094795716634957e-05,3.094795716634957e-05,8.858433986347336e-09,9.976938407374456e-10
features.10.conv.1.0,features.10,212,0.17054892370443422,0.16965438146184672,-0.0008945422425875038,0.0008945422425875038,1.1927564003144653e-07,1.7337509761183867e-09
features.10.conv.1.0,features.10,213,0.17054892370443422,0.17044900713907213,-9.991656536209592e-05,9.991656536209592e-05,2.9322547945298535e-08,2.9316750416175093e-09
features.10.conv.1.0,features.10,214,0.17054892370443422,0.16982010010517973,-0.0007288235992544967,0.0007288235992544967,3.218111999103712e-08,1.4629256556153434e-09
features.10.conv.1.0,features.10,215,0.17054892370443422,0.1694701096933254,-0.0010788140111088196,0.0010788140111088196,6.21656468524634e-08,8.542451079840419e-09
features.10.conv.1.0,features.10,216,0.17054892370443422,0.17513907595490652,0.004590152250472296,0.004590152250472296,2.6832436716972552e-08,5.148318882319813e-08
features.10.conv.1.0,features.10,217,0.17054892370443422,0.17067665542551091,0.0001277317210766904,0.0001277317210766904,1.8188668349239382e-08,1.1025519414120666e-08
features.10.conv.1.0,features.10,218,0.17054892370443422,0.17089764804988214,0.000348724345447915,0.000348724345447915,5.444667827703142e-09,2.054404403539767e-09
features.10.conv.1.0,features.10,219,0.17054892370443422,0.17014919014181334,-0.0003997335626208798,0.0003997335626208798,1.0841591091548253e-07,3.8938069435445755e-09
features.10.conv.1.0,features.10,220,0.17054892370443422,0.17011344341358564,-0.0004354802908485833,0.0004354802908485833,7.482759656340933e-08,8.910950199947365e-09
features.10.conv.1.0,features.10,221,0.17054892370443422,0.16955533533008213,-0.0009935883743520946,0.0009935883743520946,1.0543629258563669e-07,1.21219747295509e-08
features.10.conv.1.0,features.10,222,0.17054892370443422,0.17008457546784425,-0.00046434823658997315,0.00046434823658997315,6.8112240292350634e-09,4.737160969048304e-09
features.10.conv.1.0,features.10,223,0.17054892370443422,0.1704355449467614,-0.00011337875767281069,0.00011337875767281069,1.0501715941302336e-08,6.777090735821112e-09
features.10.conv.1.0,features.10,224,0.17054892370443422,0.17038238454421412,-0.00016653916022010828,0.00016653916022010828,4.30988542632349e-08,5.216506698824119e-09
features.10.conv.1.0,features.10,225,0.17054892370443422,0.17050408040444706,-4.4843299987162855e-05,4.4843299987162855e-05,9.67337143720215e-08,1.429798612839761e-09
features.10.conv.1.0,features.10,226,0.17054892370443422,0.17056775862867551,1.8834924241289963e-05,1.8834924241289963e-05,9.61491437578843e-08,1.952886297118539e-09
features.10.conv.1.0,features.10,227,0.17054892370443422,0.17084897882123284,0.00030005511679861985,0.00030005511679861985,2.131959178086618e-07,1.7709610444782697e-08
features.10.conv.1.0,features.10,228,0.17054892370443422,0.1705596006610371,1.0676956602867493e-05,1.0676956602867493e-05,1.2263504345355616e-07,8.805547124790535e-10
features.10.conv.1.0,features.10,229,0.17054892370443422,0.16996721742422324,-0.0005817062802109807,0.0005817062802109807,5.875863351434418e-08,6.566094001847489e-09
features.10.conv.1.0,features.10,230,0.17054892370443422,0.16978781350451144,-0.0007611101999227821,0.0007611101999227821,4.1749942170099537e-08,4.349968774075563e-09
features.10.conv.1.0,features.10,231,0.17054892370443422,0.17046640553035294,-8.251817408128082e-05,8.251817408128082e-05,1.0929118943181493e-08,1.3765098644258342e-09
features.10.conv.1.0,features.10,232,0.17054892370443422,0.17398361233981177,0.0034346886353775474,0.0034346886353775474,2.8790497097475054e-08,1.29841206342185e-07
features.10.conv.1.0,features.10,233,0.17054892370443422,0.1763726230434441,0.0058236993390098635,0.0058236993390098635,2.4393694175728345e-08,1.2992179887483246e-08
features.10.conv.1.0,features.10,234,0.17054892370443422,0.17410493793193593,0.003556014227501708,0.003556014227501708,1.8064985951582457e-08,1.1805530386599372e-08
features.10.conv.1.0,features.10,235,0.17054892370443422,0.17091255427930405,0.0003636305748698221,0.0003636305748698221,4.218887283968797e-08,1.5861665425553897e-07
features.10.conv.1.0,features.10,236,0.17054892370443422,0.1702298431072695,-0.0003190805971647337,0.0003190805971647337,1.9729862188455627e-08,1.751046113662724e-09
features.10.conv.1.0,features.10,237,0.17054892370443422,0.17019763346943148,-0.0003512902350027436,0.0003512902350027436,8.405200091488041e-09,6.69555801913191e-08
features.10.conv.1.0,features.10,238,0.17054892370443422,0.17029212933679033,-0.0002567943676438922,0.0002567943676438922,2.652557640203668e-08,1.683891651116376e-09
features.10.conv.1.0,features.10,239,0.17054892370443422,0.17014114143136683,-0.00040778227306739745,0.00040778227306739745,5.203732555969509e-08,1.1876143471423184e-09
features.10.conv.1.0,features.10,240,0.17054892370443422,0.16945368084106566,-0.0010952428633685674,0.0010952428633685674,1.5268153674696805e-07,2.599465226404973e-09
features.10.conv.1.0,features.10,241,0.17054892370443422,0.17006714896804992,-0.000481774736384305,0.000481774736384305,2.2294809554068703e-08,6.770964802726985e-09
features.10.conv.1.0,features.10,242,0.17054892370443422,0.17034202563798098,-0.0002068980664532427,0.0002068980664532427,1.5197551661572106e-08,1.134460400620263e-09
features.10.conv.1.0,features.10,243,0.17054892370443422,0.17041801260422448,-0.00013091110020974073,0.00013091110020974073,1.8600431417326035e-08,1.7786675743369784e-08
features.10.conv.1.0,features.10,244,0.17054892370443422,0.17048806081134144,-6.086289309278903e-05,6.086289309278903e-05,1.0567258179605687e-08,9.003627982062667e-09
features.10.conv.1.0,features.10,245,0.17054892370443422,0.1706341440087092,8.52203042749633e-05,8.52203042749633e-05,3.0610689094601184e-08,4.1155431562689415e-09
features.10.conv.1.0,features.10,246,0.17054892370443422,0.1704547336164679,-9.419008796632267e-05,9.419008796632267e-05,2.1089171298172005e-08,5.013450404822706e-09
features.10.conv.1.0,features.10,247,0.17054892370443422,0.17378360785001454,0.0032346841455803133,0.0032346841455803133,5.496307764474295e-08,5.250347240304265e-07
features.10.conv.1.0,features.10,248,0.17054892370443422,0.17052013079057415,-2.8792913860070657e-05,2.8792913860070657e-05,1.3388760322641248e-08,3.121700453689868e-09
features.10.conv.1.0,features.10,249,0.17054892370443422,0.1709849006839441,0.0004359769795098667,0.0004359769795098667,2.6665231800393485e-08,1.9526577826889383e-08
features.10.conv.1.0,features.10,250,0.17054892370443422,0.17064002545693965,9.110175250542918e-05,9.110175250542918e-05,1.7101530147556335e-07,2.380095120990688e-09
features.10.conv.1.0,features.10,251,0.17054892370443422,0.17072390663532788,0.0001749829308936579,0.0001749829308936579,1.2272740157470709e-08,9.083378313401448e-09
features.10.conv.1.0,features.10,252,0.17054892370443422,0.1708827871298372,0.0003338634254029804,0.0003338634254029804,1.0874935618687688e-08,1.4536183201574461e-08
features.10.conv.1.0,features.10,253,0.17054892370443422,0.17189603657154567,0.0013471128671114496,0.0013471128671114496,5.927568835772946e-08,1.603934041138899e-08
features.10.conv.1.0,features.10,254,0.17054892370443422,0.1706637322694087,0.00011480856497447789,0.00011480856497447789,4.5720877750454754e-08,1.3474238669264336e-09
features.10.conv.1.0,features.10,255,0.17054892370443422,0.1725943231861691,0.0020453994817348775,0.0020453994817348775,1.4212641019639705e-07,5.7965969801898616e-08
features.10.conv.1.0,features.10,256,0.17054892370443422,0.17007998374174513,-0.00046893996268909666,0.00046893996268909666,7.830980308654034e-09,3.7775420166918934e-08
features.10.conv.1.0,features.10,257,0.17054892370443422,0.1701392381317247,-0.00040968557270951167,0.00040968557270951167,2.1541655570445076e-08,2.044082653140933e-09
features.10.conv.1.0,features.10,258,0.17054892370443422,0.17037105073247039,-0.00017787297196383833,0.00017787297196383833,1.3294800815799592e-08,1.276069666600321e-09
features.10.conv.1.0,features.10,259,0.17054892370443422,0.1701644591487605,-0.0003844645556737303,0.0003844645556737303,1.562314935199538e-07,4.535140307737606e-08
features.10.conv.1.0,features.10,260,0.17054892370443422,0.1703663797263026,-0.00018254397813161072,0.00018254397813161072,7.69315917636959e-08,3.515768898232352e-09
features.10.conv.1.0,features.10,261,0.17054892370443422,0.17083575186026975,0.0002868281558355279,0.0002868281558355279,9.497902908606193e-09,2.465929610506734e-08
features.10.conv.1.0,features.10,262,0.17054892370443422,0.17005390727770062,-0.0004950164267336077,0.0004950164267336077,2.534911125451345e-08,1.0857577406597764e-08
features.10.conv.1.0,features.10,263,0.17054892370443422,0.1704471347428349,-0.0001017889615993195,0.0001017889615993195,1.5219823978895874e-07,2.092699846745205e-09
features.10.conv.1.0,features.10,264,0.17054892370443422,0.1702751323385571,-0.0002737913658771296,0.0002737913658771296,2.8123823270220786e-08,3.078125060396175e-09
features.10.conv.1.0,features.10,265,0.17054892370443422,0.17072321479362493,0.00017429108919070346,0.00017429108919070346,5.492371712989552e-08,1.0024427121724242e-09
features.10.conv.1.0,features.10,266,0.17054892370443422,0.17080325905117336,0.00025433534673913183,0.00025433534673913183,2.1817188056161285e-08,7.820739597597104e-09
features.10.conv.1.0,features.10,267,0.17054892370443422,0.1706593512014481,0.00011042749701387078,0.00011042749701387078,6.642670413725682e-09,6.303018350306555e-09
features.10.conv.1.0,features.10,268,0.17054892370443422,0.17006762483274773,-0.0004812988716864919,0.0004812988716864919,2.4832928602336324e-08,9.810760787098973e-09
features.10.conv.1.0,features.10,269,0.17054892370443422,0.17045146944968012,-9.745425475410352e-05,9.745425475410352e-05,1.83354025296012e-08,3.824421807019362e-09
features.10.conv.1.0,features.10,270,0.17054892370443422,0.1701027308531239,-0.00044619285131031194,0.00044619285131031194,7.588349149045825e-08,1.000757826608023e-08
features.10.conv.1.0,features.10,271,0.17054892370443422,0.17054892370443422,0.0,0.0,0.0,0.0
features.10.conv.1.0,features.10,272,0.17054892370443422,0.17078866496184444,0.0002397412574102198,0.0002397412574102198,5.2237556502632294e-08,9.73404775950204e-08
features.10.conv.1.0,features.10,273,0.17054892370443422,0.17040359533930996,-0.00014532836512426428,0.00014532836512426428,7.21326856023552e-08,4.0507994791827435e-08
features.10.conv.1.0,features.10,274,0.17054892370443422,0.16991372769615265,-0.0006351960082815744,0.0006351960082815744,5.8217352716383175e-08,3.5100201356552674e-09
features.10.conv.1.0,features.10,275,0.17054892370443422,0.17100734478268084,0.00045842107824661804,0.00045842107824661804,2.5178605866926773e-08,6.855018705453908e-09
features.10.conv.1.0,features.10,276,0.17054892370443422,0.170554509400553,5.585696118776129e-06,5.585696118776129e-06,4.112721541105202e-08,3.017031263707892e-09
features.10.conv.1.0,features.10,277,0.17054892370443422,0.17029106410870487,-0.0002578595957293539,0.0002578595957293539,1.1112338604846173e-08,2.516489044923631e-09
features.10.conv.1.0,features.10,278,0.17054892370443422,0.17065524441861935,0.00010632071418512079,0.00010632071418512079,7.220368303251234e-08,8.185999822440948e-09
features.10.conv.1.0,features.10,279,0.17054892370443422,0.17029169762227417,-0.0002572260821600558,0.0002572260821600558,2.4017522193275912e-08,2.3348481203999683e-09
features.10.conv.1.0,features.10,280,0.17054892370443422,0.17016516760982894,-0.00038375609460528093,0.00038375609460528093,1.5633297323347509e-07,1.0505634001622963e-09
features.10.conv.1.0,features.10,281,0.17054892370443422,0.17035950198450445,-0.00018942171992977763,0.00018942171992977763,3.455701147458967e-08,1.522710096901747e-09
features.10.conv.1.0,features.10,282,0.17054892370443422,0.1702871430352927,-0.00026178066914153697,0.00026178066914153697,1.532670701465122e-08,1.1146457784549924e-09
features.10.conv.1.0,features.10,283,0.17054892370443422,0.1700361338325559,-0.000512789871878333,0.000512789871878333,1.699616802852688e-08,1.2694715750827257e-08
features.10.conv.1.0,features.10,284,0.17054892370443422,0.17014397891370142,-0.000404944790732803,0.000404944790732803,9.02505448152624e-08,4.867539871167281e-09
features.10.conv.1.0,features.10,285,0.17054892370443422,0.1703455283795913,-0.00020339532484292544,0.00020339532484292544,1.9056543010265162e-08,1.1619969847442846e-09
features.10.conv.1.0,features.10,286,0.17054892370443422,0.17044147094936912,-0.00010745275506510166,0.00010745275506510166,9.963989633376968e-09,1.0767397251587596e-09
features.10.conv.1.0,features.10,287,0.17054892370443422,0.16996603929898016,-0.000582884405454065,0.000582884405454065,3.802306025590951e-09,2.9436504032920303e-09
features.10.conv.1.0,features.10,288,0.17054892370443422,0.17049498177314068,-5.3941931293544076e-05,5.3941931293544076e-05,9.298802439161592e-08,1.1519292741901666e-09
features.10.conv.1.0,features.10,289,0.17054892370443422,0.16928619748888601,-0.00126272621554821,0.00126272621554821,3.736959186539934e-08,8.312471544424938e-09
features.10.conv.1.0,features.10,290,0.17054892370443422,0.17040728299165295,-0.00014164071278127688,0.00014164071278127688,5.4504980084857386e-08,4.487494154048477e-09
features.10.conv.1.0,features.10,291,0.17054892370443422,0.1705425139130889,-6.4097913453353694e-06,6.4097913453353694e-06,2.3363757151173562e-08,1.6137522373949054e-08
features.10.conv.1.0,features.10,292,0.17054892370443422,0.17052823052954907,-2.0693174885150212e-05,2.0693174885150212e-05,1.3817684774153351e-08,1.3711150659290185e-08
features.10.conv.1.0,features.10,293,0.17054892370443422,0.17041418248506465,-0.00013474121936957184,0.00013474121936957184,8.049968691636877e-09,4.057400691814816e-08
features.10.conv.1.0,features.10,294,0.17054892370443422,0.17080564491584332,0.0002567212114091,0.0002567212114091,2.5930759761649824e-08,4.274196774289862e-09
features.10.conv.1.0,features.10,295,0.17054892370443422,0.17143189060715053,0.0008829669027163034,0.0008829669027163034,2.2481042805111432e-08,8.612017821096885e-09
features.10.conv.1.0,features.10,296,0.17054892370443422,0.17051012536584162,-3.879833859260495e-05,3.879833859260495e-05,4.374661344286324e-08,1.1101478736286197e-08
features.10.conv.1.0,features.10,297,0.17054892370443422,0.17006551707532724,-0.0004834066291069805,0.0004834066291069805,1.1149207779226344e-08,1.4073198301156607e-09
features.10.conv.1.0,features.10,298,0.17054892370443422,0.17057765671782582,2.8733013391596396e-05,2.8733013391596396e-05,4.1271203343740126e-08,5.586828943915377e-09
features.10.conv.1.0,features.10,299,0.17054892370443422,0.1696153666919224,-0.0009335570125118264,0.0009335570125118264,2.4814838184283872e-08,4.834689232291467e-09
features.10.conv.1.0,features.10,300,0.17054892370443422,0.17318389883040736,0.0026349751259731324,0.0026349751259731324,1.0234866465452797e-07,2.407249458102889e-08
features.10.conv.1.0,features.10,301,0.17054892370443422,0.17008590684375557,-0.00046301686067865,0.00046301686067865,1.5738796932396326e-08,1.693393737733917e-09
features.10.conv.1.0,features.10,302,0.17054892370443422,0.17029428866967314,-0.00025463503476108595,0.00025463503476108595,8.753405467132326e-08,2.0245135901042488e-08
features.10.conv.1.0,features.10,303,0.17054892370443422,0.17078311800798446,0.00023419430355023363,0.00023419430355023363,1.4994135710821865e-08,8.79322836766505e-10
features.10.conv.1.0,features.10,304,0.17054892370443422,0.17116860954658597,0.0006196858421517459,0.0006196858421517459,8.364301251617691e-09,1.3662731536412398e-08
features.10.conv.1.0,features.10,305,0.17054892370443422,0.17012389844978582,-0.000425025254648409,0.000425025254648409,3.3174682556591506e-08,3.1278600820527913e-09
features.10.conv.1.0,features.10,306,0.17054892370443422,0.17174805018687062,0.0011991264824363912,0.0011991264824363912,1.8041478710983938e-07,8.021482478248743e-09
features.10.conv.1.0,features.10,307,0.17054892370443422,0.17051797092159876,-3.095278283546388e-05,3.095278283546388e-05,1.2743861077524345e-08,2.9496226572334194e-09
features.10.conv.1.0,features.10,308,0.17054892370443422,0.17063861793623178,8.969423179755465e-05,8.969423179755465e-05,3.4906321388916695e-08,5.331652952467181e-09
features.10.conv.1.0,features.10,309,0.17054892370443422,0.1700771457027201,-0.00047177800171413486,0.00047177800171413486,2.5602014730452538e-08,3.795773445558481e-09
features.10.conv.1.0,features.10,310,0.17054892370443422,0.17045263879942119,-9.628490501303877e-05,9.628490501303877e-05,8.1902676640766e-08,6.478397748810315e-10
features.10.conv.1.0,features.10,311,0.17054892370443422,0.17025791887075145,-0.0002910048336827731,0.0002910048336827731,1.2477454625070551e-08,1.8441171922845e-09
features.10.conv.1.0,features.10,312,0.17054892370443422,0.17009233074400795,-0.00045659296042627195,0.00045659296042627195,1.9071563883699127e-08,4.987086979491018e-09
features.10.conv.1.0,features.10,313,0.17054892370443422,0.17063976557190944,9.084186747521095e-05,9.084186747521095e-05,3.1643828890537407e-08,7.812891666958421e-09
features.10.conv.1.0,features.10,314,0.17054892370443422,0.16995216680515357,-0.0005967568992806538,0.0005967568992806538,3.632243661400025e-08,2.470969505397047e-09
features.10.conv.1.0,features.10,315,0.17054892370443422,0.17134551087431957,0.0007965871698853433,0.0007965871698853433,1.3326415526648816e-08,1.5417085497126948e-08
features.10.conv.1.0,features.10,316,0.17054892370443422,0.17065991981568585,0.00011099611125162112,0.00011099611125162112,1.3338851090338721e-07,3.6616857879145925e-09
features.10.conv.1.0,features.10,317,0.17054892370443422,0.17076849012561554,0.00021956642118131642,0.00021956642118131642,2.4367686535242683e-08,2.5087272537138716e-09
features.10.conv.1.0,features.10,318,0.17054892370443422,0.16993748518729596,-0.0006114385171382686,0.0006114385171382686,1.760340317957798e-08,1.98844878063209e-09
features.10.conv.1.0,features.10,319,0.17054892370443422,0.16981115850516987,-0.0007377651992643564,0.0007377651992643564,3.918934154967246e-08,3.9231260462457846e-08
features.10.conv.1.0,features.10,320,0.17054892370443422,0.17101350356132408,0.00046457985688985737,0.00046457985688985737,3.342046639431828e-08,6.127018226109726e-09
features.10.conv.1.0,features.10,321,0.17054892370443422,0.17054557091734307,-3.3527870911542745e-06,3.3527870911542745e-06,1.0217938495316049e-07,8.926318295632284e-10
features.10.conv.1.0,features.10,322,0.17054892370443422,0.1702703962471255,-0.0002785274573087193,0.0002785274573087193,7.449235539525034e-08,7.691530606868112e-10
features.10.conv.1.0,features.10,323,0.17054892370443422,0.17056652427923363,1.760057479940902e-05,1.760057479940902e-05,7.515791544676631e-09,8.251687874660795e-10
features.10.conv.1.0,features.10,324,0.17054892370443422,0.1709167339645581,0.0003678102601238631,0.0003678102601238631,2.251309716427841e-08,1.406979807661024e-08
features.10.conv.1.0,features.10,325,0.17054892370443422,0.17043992723383586,-0.00010899647059836592,0.00010899647059836592,4.1194983424475147e-08,4.94754526236818e-09
features.10.conv.1.0,features.10,326,0.17054892370443422,0.17016268210784627,-0.0003862415965879551,0.0003862415965879551,1.9179442034555905e-08,1.8796459388958912e-09
features.10.conv.1.0,features.10,327,0.17054892370443422,0.16918818672566427,-0.0013607369787699553,0.0013607369787699553,1.7481868397339895e-08,4.9528584150637656e-09
features.10.conv.1.0,features.10,328,0.17054892370443422,0.17049484422341846,-5.407948101576743e-05,5.407948101576743e-05,2.617451322350917e-08,4.572730610830078e-09
features.10.conv.1.0,features.10,329,0.17054892370443422,0.16995211187896908,-0.0005968118254651433,0.0005968118254651433,1.5668510044974937e-08,4.041806014876137e-09
features.10.conv.1.0,features.10,330,0.17054892370443422,0.1716281700123527,0.0010792463079184744,0.0010792463079184744,2.43972539948345e-08,1.6790514575926174e-08
features.10.conv.1.0,features.10,331,0.17054892370443422,0.17054298658017977,-5.937124254451476e-06,5.937124254451476e-06,5.042993933557227e-08,2.263299408999941e-09
features.10.conv.1.0,features.10,332,0.17054892370443422,0.17067417387418046,0.00012525016974623826,0.00012525016974623826,2.654995334694377e-08,3.211163793204186e-09
features.10.conv.1.0,features.10,333,0.17054892370443422,0.17084297183485989,0.00029404813042566147,0.00029404813042566147,1.6806349378839516e-07,4.269951781044057e-09
features.10.conv.1.0,features.10,334,0.17054892370443422,0.17164637423061718,0.0010974505261829581,0.0010974505261829581,1.1340431882445047e-07,6.343405689612781e-09
features.10.conv.1.0,features.10,335,0.17054892370443422,0.17056242934455804,1.3505640123812057e-05,1.3505640123812057e-05,3.893089584039444e-08,1.810923022649291e-09
features.10.conv.1.0,features.10,336,0.17054892370443422,0.17039267726008014,-0.00015624644435408008,0.00015624644435408008,6.999171908717017e-09,2.2676674912847083e-09
features.10.conv.1.0,features.10,337,0.17054892370443422,0.17070511069424896,0.00015618698981473278,0.00015618698981473278,1.2630967205495838e-07,6.093972437781758e-09
features.10.conv.1.0,features.10,338,0.17054892370443422,0.16882149405148253,-0.0017274296529516953,0.0017274296529516953,1.1446164016604143e-08,4.020421690009712e-08
features.10.conv.1.0,features.10,339,0.17054892370443422,0.17074334592976514,0.00019442222533092024,0.00019442222533092024,2.7157680548839384e-08,9.000858253171983e-10
features.10.conv.1.0,features.10,340,0.17054892370443422,0.17066608356978613,0.00011715986535190681,0.00011715986535190681,3.363890499485933e-08,2.451269076608753e-09
features.10.conv.1.0,features.10,341,0.17054892370443422,0.17070491541273428,0.0001559917083000517,0.0001559917083000517,4.9185782557970015e-08,3.602843301475644e-09
features.10.conv.1.0,features.10,342,0.17054892370443422,0.17029816392259084,-0.0002507597818433849,0.0002507597818433849,6.275613806394631e-09,1.296028756536671e-09
features.10.conv.1.0,features.10,343,0.17054892370443422,0.17111426869669247,0.0005653449922582432,0.0005653449922582432,3.681394389332127e-08,1.5960118449065422e-08
features.10.conv.1.0,features.10,344,0.17054892370443422,0.16966292901353408,-0.0008859946909001437,0.0008859946909001437,1.6747415898521467e-08,4.6150741297990017e-08
features.10.conv.1.0,features.10,345,0.17054892370443422,0.1701293826708902,-0.00041954103354402417,0.00041954103354402417,6.062510493620722e-08,9.829438998854023e-10
features.10.conv.1.0,features.10,346,0.17054892370443422,0.17012683541336107,-0.0004220882910731527,0.0004220882910731527,3.8716830630392e-08,9.800956324301781e-09
features.10.conv.1.0,features.10,347,0.17054892370443422,0.17002753555617744,-0.0005213881482567795,0.0005213881482567795,1.2249608438708036e-08,1.4222502620064859e-09
features.10.conv.1.0,features.10,348,0.17054892370443422,0.17176836162635334,0.0012194379219191143,0.0012194379219191143,4.799772135299918e-09,7.552716035919005e-09
features.10.conv.1.0,features.10,349,0.17054892370443422,0.1700344487756908,-0.0005144749287434303,0.0005144749287434303,2.241498435751055e-07,4.174843692972274e-09
features.10.conv.1.0,features.10,350,0.17054892370443422,0.17038887168936492,-0.00016005201506930078,0.00016005201506930078,1.821376116595275e-08,6.274696720542927e-09
features.10.conv.1.0,features.10,351,0.17054892370443422,0.17060159238857933,5.266868414510739e-05,5.266868414510739e-05,5.1659458932817877e-08,1.1677055322678598e-08
features.10.conv.1.0,features.10,352,0.17054892370443422,0.17035822420678792,-0.00019069949764630167,0.00019069949764630167,1.0447331000307258e-08,5.099484839954371e-08
features.10.conv.1.0,features.10,353,0.17054892370443422,0.17072964239002067,0.0001807186855864451,0.0001807186855864451,1.0917617032646376e-08,3.6459788022025215e-08
features.10.conv.1.0,features.10,354,0.17054892370443422,0.17055559462235065,6.670917916423713e-06,6.670917916423713e-06,5.6367650103084095e-08,2.5677228121523403e-09
features.10.conv.1.0,features.10,355,0.17054892370443422,0.16985423836421285,-0.0006946853402213793,0.0006946853402213793,1.404547322891858e-08,1.997572746104126e-09
features.10.conv.1.0,features.10,356,0.17054892370443422,0.17025575268765694,-0.00029317101677728274,0.00029317101677728274,3.8259390322537e-08,1.2581223673979736e-08
features.10.conv.1.0,features.10,357,0.17054892370443422,0.17039775327434858,-0.0001511704300856398,0.0001511704300856398,8.351484126478682e-08,3.3911618513293718e-09
features.10.conv.1.0,features.10,358,0.17054892370443422,0.16994629708898962,-0.0006026266154446069,0.0006026266154446069,5.255546042803872e-08,4.83633022518859e-10
features.10.conv.1.0,features.10,359,0.17054892370443422,0.16977033855587287,-0.000778585148561356,0.000778585148561356,1.5611028914008784e-08,2.8209093949627118e-09
features.10.conv.1.0,features.10,360,0.17054892370443422,0.17041228726437765,-0.00013663644005657005,0.00013663644005657005,3.7721765266951486e-08,2.8705723659205876e-08
features.10.conv.1.0,features.10,361,0.17054892370443422,0.16963995044410987,-0.0009089732603243528,0.0009089732603243528,5.4482296008018245e-08,7.793005796230545e-08
features.10.conv.1.0,features.10,362,0.17054892370443422,0.17010109414681887,-0.0004478295576153535,0.0004478295576153535,8.979118604202085e-08,1.8035194171428515e-09
features.10.conv.1.0,features.10,363,0.17054892370443422,0.17029839516373296,-0.0002505285407012614,0.0002505285407012614,1.7363570137263196e-08,3.1687622525922166e-09
features.10.conv.1.0,features.10,364,0.17054892370443422,0.17059380319888065,4.4879494446425916e-05,4.4879494446425916e-05,1.4580038509848237e-08,6.974959776417933e-10
features.10.conv.1.0,features.10,365,0.17054892370443422,0.17038573770618134,-0.00016318599825287938,0.00016318599825287938,1.1236509500633929e-08,1.3975607615623884e-09
features.10.conv.1.0,features.10,366,0.17054892370443422,0.16928633771354784,-0.0012625859908863835,0.0012625859908863835,1.1718731229848345e-07,4.7700610683598654e-09
features.10.conv.1.0,features.10,367,0.17054892370443422,0.16982094020925753,-0.0007279834951766928,0.0007279834951766928,2.2903538621221745e-08,1.2047884623278549e-07
features.10.conv.1.0,features.10,368,0.17054892370443422,0.17036600905112026,-0.00018291465331396473,0.00018291465331396473,7.240346100445549e-09,2.4596834430345993e-09
features.10.conv.1.0,features.10,369,0.17054892370443422,0.17072764796114803,0.0001787242567138081,0.0001787242567138081,7.108889832352362e-08,2.680169836066781e-09
features.10.conv.1.0,features.10,370,0.17054892370443422,0.1703080102033662,-0.00024091350106802967,0.00024091350106802967,1.3845185442562524e-08,2.348810701491288e-09
features.10.conv.1.0,features.10,371,0.17054892370443422,0.17126136493057645,0.0007124412261422242,0.0007124412261422242,1.1202711647229082e-08,2.0965131630745762e-08
features.10.conv.1.0,features.10,372,0.17054892370443422,0.1693317799306416,-0.0012171437737926172,0.0012171437737926172,1.9624896197001362e-07,5.589549822992978e-09
features.10.conv.1.0,features.10,373,0.17054892370443422,0.17050509245745446,-4.383124697976415e-05,4.383124697976415e-05,3.9657887640487395e-08,4.2178622816635425e-09
features.10.conv.1.0,features.10,374,0.17054892370443422,0.1710210560211321,0.00047213231669787636,0.00047213231669787636,6.780821237839518e-09,1.1342724634544332e-08
features.10.conv.1.0,features.10,375,0.17054892370443422,0.1697231458476057,-0.0008257778568285246,0.0008257778568285246,1.1145222522657152e-08,2.3360354761692284e-09
features.10.conv.1.0,features.10,376,0.17054892370443422,0.1700113069786,-0.0005376167258342168,0.0005376167258342168,5.830411264895474e-09,1.2156194717505286e-08
features.10.conv.1.0,features.10,377,0.17054892370443422,0.17134062214944434,0.0007916984450101194,0.0007916984450101194,1.2500713353347237e-08,3.844389570573092e-09
features.10.conv.1.0,features.10,378,0.17054892370443422,0.17543297499246097,0.004884051288026742,0.004884051288026742,4.6961520894228677e-08,1.3795326103682726e-08
features.10.conv.1.0,features.10,379,0.17054892370443422,0.17102107224052873,0.0004721485360945077,0.0004721485360945077,6.77192915077285e-08,2.7677156400063292e-09
features.10.conv.1.0,features.10,380,0.17054892370443422,0.17068108268508447,0.00013215898065024878,0.00013215898065024878,5.774175093620215e-08,9.177811455263196e-09
features.10.conv.1.0,features.10,381,0.17054892370443422,0.1697763253404756,-0.0007725983639586265,0.0007725983639586265,2.6901933125600408e-08,3.5926852270939946e-08
features.10.conv.1.0,features.10,382,0.17054892370443422,0.17083942225720258,0.000290498552768359,0.000290498552768359,4.171913658979065e-08,8.577808491283534e-09
features.10.conv.1.0,features.10,383,0.17054892370443422,0.16977157781716942,-0.000777345887264802,0.000777345887264802,2.257106146430488e-08,2.5884811238885422e-08
