layer_name,num_channels,score_name,activation_metric,num_points,pearson,pearson_p,spearman,spearman_p
classifier.1,78,importance_score,phi,78,0.1415288903370494,0.21645809789036308,0.15836024885696895,0.1661213419312737
classifier.1,78,importance_score,gap_y0,78,-0.31622841854022177,0.004794436601451215,-0.3232337282970194,0.003894903585288039
classifier.1,78,importance_score,gap_y1,78,-0.2359087417306878,0.037590047278924676,-0.1913403052643559,0.09332129157985487
classifier.1,78,importance_score,activation_gap,78,-0.2735442940535322,0.0153808080506857,-0.22791132917715196,0.044764977665380484
classifier.1,78,importance_score,mean_gradient,78,0.1480697980386394,0.195752311995961,0.1586373446554938,0.1653719474701124
features.0.0,32,importance_score,phi,32,0.004532198345272123,0.9803596367211389,0.6370370370370371,8.837262479284759e-05
features.0.0,32,importance_score,gap_y0,32,-0.029803946286323883,0.8713652696628973,0.3669908812768669,0.0388157923571859
features.0.0,32,importance_score,gap_y1,32,-0.032559567532348864,0.8595842354512112,0.2969825806316815,0.09881452013018993
features.0.0,32,importance_score,activation_gap,32,-0.031419561895323085,0.8644546219095806,0.32793361881165817,0.06690538462292182
features.0.0,32,importance_score,mean_gradient,32,0.2965098874552306,0.09937815859710936,0.6418518518518518,7.509367315245348e-05
features.1.conv.0.0,32,importance_score,phi,32,-0.057544387305610734,0.7544110305803602,0.5281481481481481,0.001890094121837472
features.1.conv.0.0,32,importance_score,gap_y0,32,-0.09265340226614102,0.614007628324833,0.4104775992289021,0.019620293785008174
features.1.conv.0.0,32,importance_score,gap_y1,32,-0.09044303935521059,0.6225223637334019,0.4742804965034755,0.006098741676647175
features.1.conv.0.0,32,importance_score,activation_gap,32,-0.09146845716209126,0.6185662122747654,0.4403506320568816,0.011660224395154836
features.1.conv.0.0,32,importance_score,mean_gradient,32,0.21027223523887917,0.24803884852280417,0.7328113114715441,1.8504042790300115e-06
features.1.conv.1,16,importance_score,phi,16,0.7062091582913184,0.0022306541976515196,0.8323529411764706,6.328124573232542e-05
features.1.conv.1,16,importance_score,gap_y0,16,0.6323999646396108,0.008571143717861758,0.7911764705882354,0.0002619464480824597
features.1.conv.1,16,importance_score,gap_y1,16,0.6220495193862862,0.01008398177580727,0.7970588235294117,0.00021809806990574765
features.1.conv.1,16,importance_score,activation_gap,16,0.627500491664011,0.009263070050395327,0.8029411764705883,0.00018051679467984317
features.1.conv.1,16,importance_score,mean_gradient,16,0.4275425384480877,0.09855963943421057,0.29705882352941176,0.2638630146135225
features.10.conv.0.0,384,importance_score,phi,384,0.18299274989378314,0.000312508437889758,0.22497271407529854,8.532587622499825e-06
features.10.conv.0.0,384,importance_score,gap_y0,384,0.012682974123262546,0.8043400385813985,0.008317800682628905,0.8709386082500837
features.10.conv.0.0,384,importance_score,gap_y1,384,0.021095561285360415,0.680277071510951,-0.006804625568636592,0.8942647855310177
features.10.conv.0.0,384,importance_score,activation_gap,384,0.01757152018289578,0.7314224125696114,0.006829209366006774,0.8938850319767524
features.10.conv.0.0,384,importance_score,mean_gradient,384,0.3422713889606931,5.401827739319551e-12,0.404498415826896,1.5041920131952962e-16
features.10.conv.1.0,384,importance_score,phi,384,-0.04788961356126087,0.34931508979990616,-0.08150109673522588,0.11081608645063822
features.10.conv.1.0,384,importance_score,gap_y0,384,-0.094636385463381,0.06393959354013326,-0.20044950249547,7.64057166615015e-05
features.10.conv.1.0,384,importance_score,gap_y1,384,-0.09613441280647277,0.0598276371125619,-0.21830232894518917,1.588426369821952e-05
features.10.conv.1.0,384,importance_score,activation_gap,384,-0.09750835660476118,0.05625074539236589,-0.22428573169423222,9.104549888830462e-06
features.10.conv.1.0,384,importance_score,mean_gradient,384,0.17554427011494422,0.0005490541410080047,0.37394985008649323,3.43472797586196e-14
features.10.conv.2,64,importance_score,phi,64,0.2658455175136213,0.03373574289884696,0.2076465201465201,0.09967500653964027
features.10.conv.2,64,importance_score,gap_y0,64,0.15867733838067027,0.21044181883785437,0.10306776556776556,0.41768003613729576
features.10.conv.2,64,importance_score,gap_y1,64,0.13716070798115243,0.27979637966257176,0.10329670329670329,0.4166409632559165
features.10.conv.2,64,importance_score,activation_gap,64,0.15316756621111272,0.226918316613361,0.114514652014652,0.36757224288937596
features.10.conv.2,64,importance_score,mean_gradient,64,0.5436225812316462,3.448194542890884e-06,0.5813186813186813,4.733047470275752e-07
features.11.conv.0.0,384,importance_score,phi,384,0.364863765221637,1.552562975143153e-13,0.36381099318436133,1.8434519333255376e-13
features.11.conv.0.0,384,importance_score,gap_y0,384,0.0602334628716312,0.23897548167410387,0.03647956156115425,0.4759959619723527
features.11.conv.0.0,384,importance_score,gap_y1,384,0.08163099019936436,0.11024663010302843,0.06568486996032688,0.19902076047706901
features.11.conv.0.0,384,importance_score,activation_gap,384,0.07389074439682525,0.14839814295450995,0.05416588959343528,0.2897148460697077
features.11.conv.0.0,384,importance_score,mean_gradient,384,0.5409418271703872,1.4410825047249208e-30,0.615232613339663,2.3201331017887584e-41
features.11.conv.1.0,384,importance_score,phi,384,0.164156732309451,0.001245539019417025,0.11188286256824115,0.02836601753958654
features.11.conv.1.0,384,importance_score,gap_y0,384,0.01386688875093062,0.7864975120327958,-0.07307208131294293,0.15295897434528566
features.11.conv.1.0,384,importance_score,gap_y1,384,-0.02609140926554778,0.6102581077889532,-0.11231901258010919,0.0277511079445165
features.11.conv.1.0,384,importance_score,activation_gap,384,-0.007475706728410707,0.883907341501542,-0.10104438642297651,0.04785327486076462
features.11.conv.1.0,384,importance_score,mean_gradient,384,0.4061321496054099,1.1070175842075079e-16,0.48416847512800515,5.811735951289774e-24
features.11.conv.2,96,importance_score,phi,96,0.602834513378858,8.088215895095157e-11,0.23689636462289748,0.020131981936686784
features.11.conv.2,96,importance_score,gap_y0,96,0.3648499943332233,0.00025739477636739543,0.07486435160065111,0.4684966198950762
features.11.conv.2,96,importance_score,gap_y1,96,0.3714705470373258,0.000194361666182236,0.18685567010309279,0.06831664917480536
features.11.conv.2,96,importance_score,activation_gap,96,0.3767275849814634,0.0001548334443641765,0.1392430819316332,0.1760467364542096
features.11.conv.2,96,importance_score,mean_gradient,96,0.7220477194228568,1.0287730002498395e-16,0.5170238741182854,6.92190708898975e-08
features.12.conv.0.0,576,importance_score,phi,576,0.20882998249600282,4.261464635373698e-07,0.19158587423733947,3.6383593104214745e-06
features.12.conv.0.0,576,importance_score,gap_y0,576,0.04172373663808478,0.3174897273495522,-0.036283281086966476,0.38474139962474285
features.12.conv.0.0,576,importance_score,gap_y1,576,0.044704143679720906,0.2841225309527752,-0.03141790620217518,0.4517038075795947
features.12.conv.0.0,576,importance_score,activation_gap,576,0.04431421419635441,0.2883480909094956,-0.03327829263659494,0.4253552955224357
features.12.conv.0.0,576,importance_score,mean_gradient,576,0.2676017190365584,6.669226961890459e-11,0.4185525280354899,7.78413530778072e-26
features.12.conv.1.0,576,importance_score,phi,576,-0.030713011802305526,0.46192265693847145,-0.2364119520969695,9.29207044433468e-09
features.12.conv.1.0,576,importance_score,gap_y0,576,0.0022692364068027035,0.9566615436244695,-0.262185048927572,1.649073133345649e-10
features.12.conv.1.0,576,importance_score,gap_y1,576,-0.02439043255058971,0.5590953911251376,-0.27273582979197963,2.7744141990769504e-11
features.12.conv.1.0,576,importance_score,activation_gap,576,-0.012238074947216012,0.7694558537695483,-0.2806370945318518,6.935995354510801e-12
features.12.conv.1.0,576,importance_score,mean_gradient,576,0.16015359911592464,0.0001132565452080115,0.11412008611272768,0.006108586266679722
features.12.conv.2,96,importance_score,phi,96,0.11296019018232584,0.2731695180259569,0.022327726532826914,0.8290443986758342
features.12.conv.2,96,importance_score,gap_y0,96,-0.03350168076140746,0.745908368348734,-0.0539880629408573,0.6013745936430341
features.12.conv.2,96,importance_score,gap_y1,96,-0.0466538808423867,0.6517223469527634,-0.07236842105263158,0.48349401947272497
features.12.conv.2,96,importance_score,activation_gap,96,-0.04228225235628592,0.6825133004050735,-0.06848887683125339,0.5073049683669016
features.12.conv.2,96,importance_score,mean_gradient,96,0.5618622504656696,2.5833583436578896e-09,0.4982365708084645,2.397401616553788e-07
features.13.conv.0.0,576,importance_score,phi,576,0.3687437842020247,5.424885465079608e-20,0.21959995157352147,1.0146889548404673e-07
features.13.conv.0.0,576,importance_score,gap_y0,576,0.08094561407707458,0.05217806791610871,-0.07921276398281862,0.057437994047680595
features.13.conv.0.0,576,importance_score,gap_y1,576,0.08138989705482208,0.05089616367841497,-0.0530908084841412,0.20326338626355359
features.13.conv.0.0,576,importance_score,activation_gap,576,0.08353993282545566,0.04505856998915424,-0.06523861008596078,0.11781948723332525
features.13.conv.0.0,576,importance_score,mean_gradient,576,0.31254423859922353,1.6166867244704998e-14,0.49749572563486283,2.4003719007824906e-37
features.13.conv.1.0,576,importance_score,phi,576,-0.10400423337194606,0.012508820579501048,-0.2607723169332174,2.0812442488700037e-10
features.13.conv.1.0,576,importance_score,gap_y0,576,-0.1082322130599568,0.009334046342572965,-0.3126464819343866,1.5836467433962075e-14
features.13.conv.1.0,576,importance_score,gap_y1,576,-0.13880407463183025,0.0008370491887093275,-0.3205216873010853,3.1510172961905408e-15
features.13.conv.1.0,576,importance_score,activation_gap,576,-0.12637816351366266,0.002376179384702955,-0.3351759089320982,1.372898515411166e-16
features.13.conv.1.0,576,importance_score,mean_gradient,576,0.13114296096440686,0.0016092414466674387,0.18194258749607223,1.1135459982480824e-05
features.13.conv.2,96,importance_score,phi,96,0.30064785457488435,0.002917208229149468,0.1030113944655453,0.317920654146295
features.13.conv.2,96,importance_score,gap_y0,96,0.061372074491270794,0.5525091646273896,0.017254476397178514,0.8674829846776255
features.13.conv.2,96,importance_score,gap_y1,96,0.08796527761588724,0.3940788554610776,0.04401790558871405,0.6702226093759811
features.13.conv.2,96,importance_score,activation_gap,96,0.07779317019870904,0.45122617575833185,0.028865979381443297,0.7801059589479961
features.13.conv.2,96,importance_score,mean_gradient,96,0.625443442320106,9.599462781790877e-12,0.4392566467715681,7.5627358079334e-06
features.14.conv.0.0,576,importance_score,phi,576,0.28736962157134577,2.0546812150927013e-12,0.31917688064127553,4.165481450672727e-15
features.14.conv.0.0,576,importance_score,gap_y0,576,0.03175118238321452,0.4469170578099784,0.03716471437038019,0.373292395326429
features.14.conv.0.0,576,importance_score,gap_y1,576,0.03279392572316646,0.43212777114929285,0.08984625137904473,0.031084621353497446
features.14.conv.0.0,576,importance_score,activation_gap,576,0.032923474362719224,0.430310330225925,0.06689809338184283,0.10874413181121537
features.14.conv.0.0,576,importance_score,mean_gradient,576,0.40702155726697753,2.1549693339900744e-24,0.4896875860173682,4.542654556268666e-36
features.14.conv.1.0,576,importance_score,phi,576,0.07384337248526829,0.07659242344556595,0.17963677629281818,1.442781176450357e-05
features.14.conv.1.0,576,importance_score,gap_y0,576,0.013843320611131978,0.740241273599804,0.04395521073378076,0.2922756965773379
features.14.conv.1.0,576,importance_score,gap_y1,576,0.029321515610110923,0.4824679615443522,0.09699630450469396,0.01989370126091434
features.14.conv.1.0,576,importance_score,activation_gap,576,0.022877942504402886,0.5837265171854078,0.07837864134763271,0.06012254683345808
features.14.conv.1.0,576,importance_score,mean_gradient,576,0.04726685517930834,0.2573934704566759,0.1729359470043696,3.007105500154581e-05
features.14.conv.2,160,importance_score,phi,160,0.17888098213561135,0.02362147197905976,0.19099378881987578,0.015551553998967117
features.14.conv.2,160,importance_score,gap_y0,160,-0.01124777171556864,0.887740987331501,0.02093929450369155,0.7926927499142737
features.14.conv.2,160,importance_score,gap_y1,160,0.00017654921107608697,0.9982321440929331,0.024891597328020626,0.7547089785952639
features.14.conv.2,160,importance_score,activation_gap,160,-0.005065438388571538,0.9493115725059313,0.025190437126450253,0.7518594593578751
features.14.conv.2,160,importance_score,mean_gradient,160,0.5913501378345604,1.82566087586979e-16,0.6262305168170632,8.320871287369864e-19
features.15.conv.0.0,960,importance_score,phi,960,0.3101654705300701,7.472158572921275e-23,0.382528396298173,8.20905175009233e-35
features.15.conv.0.0,960,importance_score,gap_y0,960,0.08011365081793045,0.013028526331613766,0.030495001079645267,0.34525062729896405
features.15.conv.0.0,960,importance_score,gap_y1,960,0.08480698014055453,0.00856459072842268,0.06228398956596089,0.0537112756888013
features.15.conv.0.0,960,importance_score,activation_gap,960,0.08446920810705189,0.008832927248750396,0.04764490846886769,0.1401754567028301
features.15.conv.0.0,960,importance_score,mean_gradient,960,0.39075991044713754,2.2295837231348475e-36,0.528428863855104,3.71175164537132e-70
features.15.conv.1.0,960,importance_score,phi,960,-0.00367939911458937,0.9093536355236381,-0.12525028510230587,9.982616267768094e-05
features.15.conv.1.0,960,importance_score,gap_y0,960,-0.06255070212740971,0.05269218946245908,-0.23088068943217166,4.4105893078403713e-13
features.15.conv.1.0,960,importance_score,gap_y1,960,-0.05568870421276362,0.08461009018639189,-0.1679031769782736,1.6704963819055752e-07
features.15.conv.1.0,960,importance_score,activation_gap,960,-0.059850621831228176,0.06378931700788587,-0.21263085951699162,2.8176990475350668e-11
features.15.conv.1.0,960,importance_score,mean_gradient,960,0.1482742161266326,3.956625397821826e-06,0.13997535804617842,1.34426051017971e-05
features.15.conv.2,160,importance_score,phi,160,0.20983438044351732,0.007741907654432641,0.13206082268838626,0.09598192793825282
features.15.conv.2,160,importance_score,gap_y0,160,-0.05915023164781573,0.45749241367302584,-0.06939235907652642,0.38325144203677697
features.15.conv.2,160,importance_score,gap_y1,160,-0.008217990147112608,0.9178542716102751,-0.013087425290050391,0.8695317158699836
features.15.conv.2,160,importance_score,activation_gap,160,-0.031875682335170546,0.6890538668823833,-0.043771241064104065,0.5826008738235895
features.15.conv.2,160,importance_score,mean_gradient,160,0.5743629574891504,2.008099106684897e-15,0.6432848939411695,4.6181844430580023e-20
features.16.conv.0.0,960,importance_score,phi,960,0.2638821437107386,9.313635258349462e-17,0.3819825231732105,1.0389049550682278e-34
features.16.conv.0.0,960,importance_score,gap_y0,960,0.05045964866856788,0.11819532996499803,0.039610592554713095,0.22013412167840382
features.16.conv.0.0,960,importance_score,gap_y1,960,0.06724134045020484,0.03724755648669662,0.027917511707827646,0.3875692666174274
features.16.conv.0.0,960,importance_score,activation_gap,960,0.06101688961636976,0.058779746721281355,0.03318897485474211,0.30429522225651556
features.16.conv.0.0,960,importance_score,mean_gradient,960,0.3288160811293582,1.2226722679518514e-25,0.5489289640158682,1.1995017483080352e-76
features.16.conv.1.0,960,importance_score,phi,960,-0.002034072557092795,0.9498131778991091,0.06967960507224434,0.0308691745713055
features.16.conv.1.0,960,importance_score,gap_y0,960,-0.03748247232228434,0.24594843309858175,-0.09191553649830864,0.004368848421251625
features.16.conv.1.0,960,importance_score,gap_y1,960,-0.04181886463163476,0.19546227891909568,-0.045259355728572634,0.16115401161525453
features.16.conv.1.0,960,importance_score,activation_gap,960,-0.04047201617160051,0.21025698052677808,-0.07649649234289702,0.017761962848891817
features.16.conv.1.0,960,importance_score,mean_gradient,960,0.11027303942998942,0.0006200775785063178,0.26865065965855667,2.4716062067433405e-17
features.16.conv.2,160,importance_score,phi,160,0.21209728696221697,0.007091625288468779,0.2687507324504863,0.0005898385338240599
features.16.conv.2,160,importance_score,gap_y0,160,-0.004435764172501699,0.9556056447481868,0.01489804289230048,0.8516764655840086
features.16.conv.2,160,importance_score,gap_y1,160,0.024552730799888088,0.7579441671522341,0.01497714754482597,0.8508980275983068
features.16.conv.2,160,importance_score,activation_gap,160,0.01173430399947431,0.8829190766322792,0.017350287120590648,0.8276150817174235
features.16.conv.2,160,importance_score,mean_gradient,160,0.632941208470052,2.725069781615459e-19,0.7134712293448963,3.455627686845297e-26
features.17.conv.0.0,960,importance_score,phi,960,0.32814795095967725,1.5507153611176003e-25,0.29194893874667827,2.5619203742328397e-20
features.17.conv.0.0,960,importance_score,gap_y0,960,0.12494276470672216,0.00010386327669898053,0.06300086859903276,0.05100876047832638
features.17.conv.0.0,960,importance_score,gap_y1,960,0.13518630272647725,2.6405030660546444e-05,0.10828424292995106,0.0007777922016209735
features.17.conv.0.0,960,importance_score,activation_gap,960,0.13477714549872868,2.7943941538654422e-05,0.09239140341949154,0.004169522901102809
features.17.conv.0.0,960,importance_score,mean_gradient,960,0.3021561223889332,1.0240892053669009e-21,0.3447928545929412,3.48008243801799e-28
features.17.conv.1.0,960,importance_score,phi,960,-0.013490731233929508,0.6763350829320236,0.24468864712309799,1.4864296386725082e-14
features.17.conv.1.0,960,importance_score,gap_y0,960,-0.0048487507014453955,0.8807344815089143,0.27905458339256,1.2455591248807786e-18
features.17.conv.1.0,960,importance_score,gap_y1,960,-0.007406113270613716,0.818733523224309,0.26944829041698176,1.9745715056996706e-17
features.17.conv.1.0,960,importance_score,activation_gap,960,-0.006374481040313383,0.8436313165830633,0.2931071160016449,1.7895175260920177e-20
features.17.conv.1.0,960,importance_score,mean_gradient,960,-0.039942480648553325,0.21629002420164384,-0.15260798080293053,2.033423109678556e-06
features.17.conv.2,320,importance_score,phi,320,-0.034133948665398595,0.5429258746928092,0.01073155011279407,0.8483484795042937
features.17.conv.2,320,importance_score,gap_y0,320,-0.21544711789926824,0.00010246884482678962,-0.16383851404798874,0.0032900784013708034
features.17.conv.2,320,importance_score,gap_y1,320,-0.21723384792080253,8.940732152295048e-05,-0.18599412591919842,0.000827693216395234
features.17.conv.2,320,importance_score,activation_gap,320,-0.22826924489452374,3.7563872040035315e-05,-0.19059487885623885,0.0006089525300686228
features.17.conv.2,320,importance_score,mean_gradient,320,0.28594642579477625,1.9482141450133113e-07,0.3004786423695544,4.222779350690294e-08
features.18.0,1280,importance_score,phi,1280,,,,
features.18.0,1280,importance_score,gap_y0,1280,,,,
features.18.0,1280,importance_score,gap_y1,1280,,,,
features.18.0,1280,importance_score,activation_gap,1280,,,,
features.18.0,1280,importance_score,mean_gradient,1280,,,,
features.2.conv.0.0,96,importance_score,phi,96,0.26469440941761846,0.009156604051400981,0.1860146500271297,0.06959139130915655
features.2.conv.0.0,96,importance_score,gap_y0,96,0.24011318517877311,0.01845379360028598,0.21973684210526315,0.03146556870385068
features.2.conv.0.0,96,importance_score,gap_y1,96,0.22908538457516578,0.024760903132591914,0.2178920238741183,0.03295543157603152
features.2.conv.0.0,96,importance_score,activation_gap,96,0.2340282708153803,0.021737114042141015,0.21949267498643515,0.0316594319930107
features.2.conv.0.0,96,importance_score,mean_gradient,96,0.02558011994167854,0.8046062040493341,-0.10179055887140531,0.32372049704615213
features.2.conv.1.0,96,importance_score,phi,96,-0.25008777238364427,0.013993290487144504,-0.4974226804123711,2.525746362902934e-07
features.2.conv.1.0,96,importance_score,gap_y0,96,-0.2715793349265899,0.0074380165840978885,-0.5328540423223006,2.2891120639481412e-08
features.2.conv.1.0,96,importance_score,gap_y1,96,-0.26470040093632957,0.009154968322636287,-0.5425935973955507,1.1259636207561274e-08
features.2.conv.1.0,96,importance_score,activation_gap,96,-0.26826436470762904,0.008226296308207226,-0.5524959305480195,5.345938087544667e-09
features.2.conv.1.0,96,importance_score,mean_gradient,96,0.3276934011937225,0.0011174594739123344,0.5591698317959848,3.1913776711197854e-09
features.2.conv.2,24,importance_score,phi,24,0.40079391375755125,0.05226803248508716,0.08,0.7101960521957591
features.2.conv.2,24,importance_score,gap_y0,24,0.3606951924708877,0.08335457463409247,0.04347826086956521,0.8401329841149333
features.2.conv.2,24,importance_score,gap_y1,24,0.43547113424541745,0.03342497081649936,0.07217391304347825,0.7375189840952583
features.2.conv.2,24,importance_score,activation_gap,24,0.4061856983235412,0.04889319232211309,0.05913043478260869,0.783735252825447
features.2.conv.2,24,importance_score,mean_gradient,24,0.10534193079893991,0.6242151703298736,0.0626086956521739,0.7713343005112614
features.3.conv.0.0,144,importance_score,phi,144,0.21665630292638446,0.009100042153549062,0.20867293625914313,0.012074955880756792
features.3.conv.0.0,144,importance_score,gap_y0,144,0.3482191769040917,1.8955786921810063e-05,0.18678964713447474,0.024980239456241015
features.3.conv.0.0,144,importance_score,gap_y1,144,0.3776241580407077,3.0720867990172954e-06,0.17478900409934894,0.03614025047203516
features.3.conv.0.0,144,importance_score,activation_gap,144,0.366457619899738,6.262534089328757e-06,0.1826943171770758,0.028400813562727414
features.3.conv.0.0,144,importance_score,mean_gradient,144,0.04954983563114487,0.5553392898949886,0.2531347962382445,0.0022048151528654735
features.3.conv.1.0,144,importance_score,phi,144,0.42095680037646827,1.4910067569555131e-07,0.13646411060204167,0.10290376041896493
features.3.conv.1.0,144,importance_score,gap_y0,144,0.28010981807970875,0.000672982340941146,0.06083916083916085,0.4688334241757972
features.3.conv.1.0,144,importance_score,gap_y1,144,0.3229939614143336,7.863806426893946e-05,0.10978619082067359,0.1902243766241986
features.3.conv.1.0,144,importance_score,activation_gap,144,0.3069992596223585,0.00018207038122883642,0.08763764970661522,0.2962553299193946
features.3.conv.1.0,144,importance_score,mean_gradient,144,0.21576641738079774,0.009395998286540442,0.23171770757977656,0.0051977294755166225
features.3.conv.2,24,importance_score,phi,24,-0.13499563362143419,0.5293978917297215,0.04,0.8527804394339904
features.3.conv.2,24,importance_score,gap_y0,24,-0.15320847985527536,0.4747733951085155,-0.02869565217391304,0.8941129145750657
features.3.conv.2,24,importance_score,gap_y1,24,-0.16859239923839264,0.43098855621200355,0.007826086956521738,0.9710483085120961
features.3.conv.2,24,importance_score,activation_gap,24,-0.16469554911041112,0.4418682860719992,0.01826086956521739,0.9325072970015154
features.3.conv.2,24,importance_score,mean_gradient,24,0.4036459373135529,0.050461043858592576,0.5147826086956522,0.010054114049541199
features.4.conv.0.0,144,importance_score,phi,144,0.6150265877240544,2.385895979393082e-16,0.4107909332047263,3.1522030009676834e-07
features.4.conv.0.0,144,importance_score,gap_y0,144,0.4859971381812931,6.621585020612362e-10,0.3171891327063741,0.00010723537716367017
features.4.conv.0.0,144,importance_score,gap_y1,144,0.4834260724200005,8.386853034163927e-10,0.2884856522787558,0.00045402235592345477
features.4.conv.0.0,144,importance_score,activation_gap,144,0.4870479821346832,6.008512199533197e-10,0.3058194678884334,0.00019334111399613318
features.4.conv.0.0,144,importance_score,mean_gradient,144,0.6069479870722276,7.394915898310339e-16,0.41368459127079815,2.5536149428177377e-07
features.4.conv.1.0,144,importance_score,phi,144,0.13682997098178803,0.10197561482600287,0.0737480909894703,0.3796935139019433
features.4.conv.1.0,144,importance_score,gap_y0,144,0.0650964645409327,0.4382379544791634,0.005325134635479463,0.9494916773816293
features.4.conv.1.0,144,importance_score,gap_y1,144,0.05118665533044435,0.5423348119998115,0.023289928462342256,0.7817179477472094
features.4.conv.1.0,144,importance_score,activation_gap,144,0.057671178922882364,0.49233838373440947,0.014604935294590468,0.8620689919072733
features.4.conv.1.0,144,importance_score,mean_gradient,144,0.12334733415415836,0.1407784315202904,0.3584880636604774,1.0246216877717496e-05
features.4.conv.2,32,importance_score,phi,32,0.30486421629757077,0.08976918938327129,0.1315982404692082,0.47279075463162
features.4.conv.2,32,importance_score,gap_y0,32,0.24903401894963267,0.1692963197332786,0.11363636363636363,0.5357449997635357
features.4.conv.2,32,importance_score,gap_y1,32,0.24851698925637616,0.17021244612441816,0.05828445747800586,0.751350988580709
features.4.conv.2,32,importance_score,activation_gap,32,0.2527100456969795,0.16288376827511408,0.09017595307917887,0.6235545121792729
features.4.conv.2,32,importance_score,mean_gradient,32,0.516090582951084,0.0024979220264819994,0.5582844574780057,0.0008985547431306956
features.5.conv.0.0,192,importance_score,phi,192,0.052807521839051526,0.4669490419401657,0.10268595882049754,0.15639041798596376
features.5.conv.0.0,192,importance_score,gap_y0,192,-0.04188436427401168,0.5640541707184318,-0.043698966443317146,0.5472778159235689
features.5.conv.0.0,192,importance_score,gap_y1,192,-0.007983851197772562,0.9124832579629348,0.030181008056859183,0.6777289576351342
features.5.conv.0.0,192,importance_score,activation_gap,192,-0.023815122915020956,0.7429996080664049,-0.0038300599517131005,0.9579514123335156
features.5.conv.0.0,192,importance_score,mean_gradient,192,0.12329357558714128,0.0884265678837504,0.2474313674958631,0.0005400118904651362
features.5.conv.1.0,192,importance_score,phi,192,0.15483682935012394,0.03199912391912445,8.307788297208583e-05,0.9990875044573666
features.5.conv.1.0,192,importance_score,gap_y0,192,-0.009269231724743612,0.8984637265015337,-0.14881792040799718,0.03938879817581352
features.5.conv.1.0,192,importance_score,gap_y1,192,-0.026044636182805475,0.7199023321739982,-0.18393612836719747,0.010653043918791624
features.5.conv.1.0,192,importance_score,activation_gap,192,-0.018486972029867155,0.7991000291502716,-0.16998413042888535,0.018414850589338214
features.5.conv.1.0,192,importance_score,mean_gradient,192,0.41772050732591287,1.658022641266506e-09,0.4550650381140982,3.328282155461721e-11
features.5.conv.2,32,importance_score,phi,32,0.0794874688874242,0.6654182238833211,0.30315249266862165,0.0916777246214312
features.5.conv.2,32,importance_score,gap_y0,32,0.11151112099087032,0.5434494977394617,0.2848240469208211,0.11409956286020782
features.5.conv.2,32,importance_score,gap_y1,32,-0.06658205698582745,0.7173056891483645,0.17118768328445746,0.3488633909131419
features.5.conv.2,32,importance_score,activation_gap,32,0.012535678565843977,0.9457110202426515,0.2569648093841642,0.15568091539815343
features.5.conv.2,32,importance_score,mean_gradient,32,0.4350737542748234,0.012824827810912529,0.31304985337243396,0.08105902518500817
features.6.conv.0.0,192,importance_score,phi,192,0.18908320654348243,0.008623193119851219,0.09706887665138486,0.18043789665278742
features.6.conv.0.0,192,importance_score,gap_y0,192,0.1592706545128653,0.027341126976402327,0.026556099612077153,0.7146383871869204
features.6.conv.0.0,192,importance_score,gap_y1,192,0.14148350891810943,0.05028759495078238,0.006619103165775982,0.927397981064929
features.6.conv.0.0,192,importance_score,activation_gap,192,0.152722856792177,0.03444758274501519,0.006120635867943467,0.9328521023702677
features.6.conv.0.0,192,importance_score,mean_gradient,192,0.16937865130283078,0.018841637884513162,0.17399221441553867,0.015795682017871817
features.6.conv.1.0,192,importance_score,phi,192,0.05314732361317931,0.4640833219732648,-0.23865563030681172,0.0008572437178994538
features.6.conv.1.0,192,importance_score,gap_y0,192,-0.08087748220592184,0.2647727793174302,-0.39497090578628985,1.4334315489803392e-08
features.6.conv.1.0,192,importance_score,gap_y1,192,-0.061850898429265874,0.3940747363973729,-0.38644440224615473,3.0882150045239024e-08
features.6.conv.1.0,192,importance_score,activation_gap,192,-0.07183264360639623,0.3221142799979464,-0.4072477823291648,4.566363330433316e-09
features.6.conv.1.0,192,importance_score,mean_gradient,192,0.4656916173000475,1.0008299514141617e-11,0.4108642134389497,3.231066075297238e-09
features.6.conv.2,32,importance_score,phi,32,-0.2688399299887224,0.13679583807576984,-0.3973607038123167,0.024321384729004865
features.6.conv.2,32,importance_score,gap_y0,32,-0.33011213727406175,0.0650068799527731,-0.3914956011730205,0.02670426129200399
features.6.conv.2,32,importance_score,gap_y1,32,-0.28214694938841,0.1176902268325136,-0.4167888563049853,0.017642460115092337
features.6.conv.2,32,importance_score,activation_gap,32,-0.3115534558145592,0.08260063577601487,-0.4109237536656892,0.01947469444286962
features.6.conv.2,32,importance_score,mean_gradient,32,-0.00981816988712091,0.9574678396907421,-0.038123167155425214,0.8358910191159055
features.7.conv.0.0,192,importance_score,phi,192,0.4803860811008508,1.7719794186303247e-12,0.28554207470905796,5.953252760172658e-05
features.7.conv.0.0,192,importance_score,gap_y0,192,0.09971047018555054,0.16880973763199528,0.022927800233296266,0.7522576593796682
features.7.conv.0.0,192,importance_score,gap_y1,192,0.08517999397206648,0.24010771315633497,0.004591324634457316,0.949603933353558
features.7.conv.0.0,192,importance_score,activation_gap,192,0.09470645320791389,0.19132794464471745,0.01772780294604346,0.8071853030324605
features.7.conv.0.0,192,importance_score,mean_gradient,192,0.5788661401736805,1.4379848132300291e-18,0.4922449339446057,4.1206680790766526e-13
features.7.conv.1.0,192,importance_score,phi,192,0.14416341143921138,0.0460454854839987,-0.006825950139706482,0.9251356847320047
features.7.conv.1.0,192,importance_score,gap_y0,192,-0.027440211150900114,0.7055709838229771,-0.10642446355424139,0.14177669467707035
features.7.conv.1.0,192,importance_score,gap_y1,192,-0.025459462924323994,0.7259410805219535,-0.11849957952418416,0.1016243489603076
features.7.conv.1.0,192,importance_score,activation_gap,192,-0.026798128100501823,0.7121521161381407,-0.12495083145701652,0.08419681326116768
features.7.conv.1.0,192,importance_score,mean_gradient,192,0.48989543772339333,5.526130325740855e-13,0.4357282369855954,2.672130338564168e-10
features.7.conv.2,64,importance_score,phi,64,0.1370336265260392,0.2802464196926722,0.1564102564102564,0.21711599510539503
features.7.conv.2,64,importance_score,gap_y0,64,0.09227313660512781,0.4683383486966944,0.10764652014652014,0.39718287316313394
features.7.conv.2,64,importance_score,gap_y1,64,0.0672650251196375,0.597420883226314,0.10782967032967031,0.39637549794279014
features.7.conv.2,64,importance_score,activation_gap,64,0.08061396042306276,0.5265815879073374,0.12206959706959707,0.33659772354296347
features.7.conv.2,64,importance_score,mean_gradient,64,0.40742420918222566,0.000833581253138958,0.3924450549450549,0.0013393677231506116
features.8.conv.0.0,384,importance_score,phi,384,0.3109088434475772,4.733553962257551e-10,0.26448556339222135,1.4413555896874938e-07
features.8.conv.0.0,384,importance_score,gap_y0,384,0.07318430014031387,0.1523275868323374,0.04034896239530704,0.4304520135708093
features.8.conv.0.0,384,importance_score,gap_y1,384,0.11595018878008817,0.023061599525650574,0.05693559051914143,0.26572093867275587
features.8.conv.0.0,384,importance_score,activation_gap,384,0.09872395361012609,0.05323570331464678,0.05065062222372928,0.3222009143989773
features.8.conv.0.0,384,importance_score,mean_gradient,384,0.4355581204743678,3.289394984168171e-19,0.46715671730358416,3.2712697152942113e-22
features.8.conv.1.0,384,importance_score,phi,384,0.025873763004263188,0.613241522228924,-0.20019264351836152,7.80763260689069e-05
features.8.conv.1.0,384,importance_score,gap_y0,384,-0.09345810258155741,0.06733482247878472,-0.3090269065138517,6.091989676842507e-10
features.8.conv.1.0,384,importance_score,gap_y1,384,-0.09452481134310828,0.06425493730877144,-0.33306284120579155,2.1190903472772185e-11
features.8.conv.1.0,384,importance_score,activation_gap,384,-0.09608925679760498,0.059948313092835485,-0.3498889491709335,1.6845348731661518e-12
features.8.conv.1.0,384,importance_score,mean_gradient,384,0.34660776002798643,2.793471409744496e-12,0.3845876708148249,5.5244709553782464e-15
features.8.conv.2,64,importance_score,phi,64,0.02913631141417712,0.8192226145608694,0.11332417582417582,0.37260626329074786
features.8.conv.2,64,importance_score,gap_y0,64,0.03264311827619814,0.7978997130037457,0.09858058608058606,0.4383446226318234
features.8.conv.2,64,importance_score,gap_y1,64,-0.1210100593801928,0.3408400525683127,-0.05563186813186813,0.6623857401558595
features.8.conv.2,64,importance_score,activation_gap,64,-0.05516699531934033,0.665038332455158,0.022527472527472524,0.8597517627878766
features.8.conv.2,64,importance_score,mean_gradient,64,0.4948638561365409,3.227810634180604e-05,0.5383699633699633,4.462731845285617e-06
features.9.conv.0.0,384,importance_score,phi,384,0.15829011846528865,0.0018622400693312927,0.2175567196588449,1.7006798588637282e-05
features.9.conv.0.0,384,importance_score,gap_y0,384,-0.015174836585470385,0.7669150929124853,-0.005225324087290325,0.9187075414196233
features.9.conv.0.0,384,importance_score,gap_y1,384,-0.00455796413521118,0.9290606351352678,0.022558158115645557,0.6594571474423855
features.9.conv.0.0,384,importance_score,activation_gap,384,-0.009551975896794799,0.8519948350517198,0.009693001613416517,0.8498353758282521
features.9.conv.0.0,384,importance_score,mean_gradient,384,0.38598673452805315,4.322636186360425e-15,0.3877593535991292,3.162473277146321e-15
features.9.conv.1.0,384,importance_score,phi,384,-0.08014758164018436,0.11688847489758523,-0.13399644552424703,0.008561385171570419
features.9.conv.1.0,384,importance_score,gap_y0,384,-0.13424419212855176,0.00843867884633946,-0.2468546534767613,9.702799681156838e-07
features.9.conv.1.0,384,importance_score,gap_y1,384,-0.14436029457103436,0.004589575650937678,-0.2764249162561952,3.654059859642325e-08
features.9.conv.1.0,384,importance_score,activation_gap,384,-0.14232509199353022,0.005203860821436148,-0.2819333787992009,1.896743817347917e-08
features.9.conv.1.0,384,importance_score,mean_gradient,384,0.2780245042940638,3.0250002047056694e-08,0.3862711870872414,4.111730307112946e-15
features.9.conv.2,64,importance_score,phi,64,0.33351693519591136,0.007078474680273261,0.2459249084249084,0.05013383376023943
features.9.conv.2,64,importance_score,gap_y0,64,0.25715445887162597,0.04023519600078367,0.2664377289377289,0.033326765566916224
features.9.conv.2,64,importance_score,gap_y1,64,0.20463759986713417,0.10479240563096731,0.15013736263736263,0.2363527895621827
features.9.conv.2,64,importance_score,activation_gap,64,0.23830052969077925,0.05792734425207827,0.18896520146520146,0.13480072272324992
features.9.conv.2,64,importance_score,mean_gradient,64,0.44144921442825724,0.0002607507470672063,0.3812728937728937,0.0018810790798737785
