channel_index,baseline_eo,pruned_eo,delta_eo_abs,phi,gap_y0,gap_y1,activation_gap,mean_gradient,importance_channel
0,0.22731779732677534,0.228415020421995,0.001097223095219646,4.664900859825341e-08,0.0006998130928773522,0.0024596851668462344,0.0031594982597235866,1.4764688809271434e-05,7.834109538862322e-08
1,0.22731779732677534,0.22834658322786738,0.0010287859010920386,1.149259924875891e-06,0.035727566586077654,0.027028987006095365,0.06275655359217303,1.8312986598091744e-05,1.6469803654217685e-07
2,0.22731779732677534,0.2298911259337792,0.0025733286070038497,9.785318542111028e-08,0.0016204823101818294,0.0022551778512114873,0.0038756601613933166,2.5248133568535494e-05,4.7130274793971694e-08
3,0.22731779732677534,0.2267708092911677,0.000546988035607654,1.0806501265646288e-06,0.03237181647035636,0.05517095996142985,0.0875427764317862,1.2344252382795709e-05,7.884476360686676e-08
4,0.22731779732677534,0.22581837511529756,0.00149942221147778,1.7543538260885222e-06,0.012236782041666353,0.060270296364838834,0.0725070784065052,2.4195621512328444e-05,4.3264162030709485e-08
5,0.22731779732677534,0.2272149068762449,0.00010289045053044066,2.208626960900958e-06,0.10743385847768469,0.14509723317097195,0.2525310916486566,8.74596053294615e-06,7.477714092374299e-08
6,0.22731779732677534,0.22335448001071873,0.003963317316056619,7.427673440746874e-06,0.07188009061054386,0.09446620013691895,0.16634629074746282,4.465187295353121e-05,6.395508478362899e-08
7,0.22731779732677534,0.22691047696886096,0.00040732035791438137,6.074132191015656e-07,0.03406743808804579,0.014233347226196989,0.04830078531424278,1.2575638577090661e-05,9.510840470738913e-08
8,0.22731779732677534,0.22591243146650136,0.0014053658602739827,2.011834077020061e-06,0.03843422747192282,0.03288591343328773,0.07132014090521055,2.82084983496307e-05,1.366227309063106e-07
9,0.22731779732677534,0.22388094249720059,0.003436854829574759,4.877249221374049e-06,0.08951661516065694,0.10352212657201842,0.19303874173267538,2.5265649670096687e-05,9.488160657156186e-08
10,0.22731779732677534,0.2306938974882832,0.0033761001615078556,1.5920484116287573e-06,0.02702951841979566,0.06423695510606361,0.09126647352585927,1.7443956692132618e-05,4.503855066673168e-08
11,0.22731779732677534,0.22785206007484607,0.000534262748070724,8.290618999913598e-07,0.017753464625840237,0.05867228645466578,0.07642575108050602,1.0847939186335708e-05,1.1989889969754586e-07
12,0.22731779732677534,0.22961283018320983,0.0022950328564344813,1.8613921308337234e-06,0.0203885231709775,0.03189980202059317,0.05228832519157067,3.559861831516064e-05,9.282234003649137e-08
13,0.22731779732677534,0.22449056074567983,0.002827236581095516,6.685075285833703e-07,0.03391202490664845,0.01976682267896826,0.05367884758561671,1.2453835330892935e-05,1.0610321510284848e-07
14,0.22731779732677534,0.22357471287088632,0.0037430844558890286,3.4870019665118857e-06,0.03737584716597308,0.0607204680113074,0.09809631517728049,3.554671712398316e-05,7.664192480660859e-08
15,0.22731779732677534,0.23278864892826484,0.005470851601489496,1.0444464852225463e-06,0.016645970697931875,0.01723218097004571,0.033878151667977585,3.082950024719859e-05,6.059791246570967e-08
16,0.22731779732677534,0.22643403500437181,0.0008837623224035307,4.7041232333441607e-07,0.019000145481390063,0.011395694418128904,0.030395839899518967,1.5476207431328806e-05,4.924758911784011e-08
17,0.22731779732677534,0.22234175618873028,0.004976041138045062,3.870341049069599e-06,0.04569878195864728,0.09013565670481678,0.13583443866346406,2.849307647715572e-05,8.88539091192797e-08
18,0.22731779732677534,0.22917975488533648,0.0018619575585611392,3.033702809247628e-06,0.07109367639562895,0.1199007246477228,0.19099440104335175,1.5883726395513767e-05,1.1713249392641956e-07
19,0.22731779732677534,0.2204862974713535,0.006831499855421835,6.077306880665955e-06,0.12688710518937213,0.14174626761844014,0.2686333728078123,2.2623052441864053e-05,5.8848165451763634e-08
20,0.22731779732677534,0.22793205990755425,0.0006142625807789015,8.702973214232999e-07,0.04027614518753139,0.02102034542676107,0.06129649061429246,1.4198159025116738e-05,1.562351457096156e-07
21,0.22731779732677534,0.2253839949120076,0.0019338024147677324,3.250677579149989e-06,0.0902129617651721,0.09662354210571389,0.186836503870886,1.7398514272116657e-05,6.779266925605043e-08
22,0.22731779732677534,0.22855314623387618,0.0012353489071008361,1.6377177167438964e-06,0.04566681688822383,0.061383544973660706,0.10705036186188453,1.529857245001064e-05,8.51781223332182e-08
23,0.22731779732677534,0.23000121934670825,0.0026834220199329073,1.1420632699239832e-06,0.053899459414122636,0.020194175830843656,0.07409363524496629,1.5413783736593917e-05,1.2488617073813657e-07
24,0.22731779732677534,0.23486712070325474,0.0075493233764794,5.002871372144031e-06,0.05553873331150373,0.09687710300567846,0.1524158363171822,3.2823829157312086e-05,1.0041573972330298e-07
25,0.22731779732677534,0.2250467428851488,0.0022710544416265355,3.471994597091883e-06,0.08755588597067589,0.057158012466659386,0.1447138984373353,2.399212953685539e-05,5.493139099144173e-08
26,0.22731779732677534,0.23088280621833773,0.003565008891562388,1.4392380269455768e-06,0.03134880552629307,0.0314598319055259,0.06280863743181897,2.2914651324953855e-05,1.7093624649078265e-07
27,0.22731779732677534,0.22052766604547178,0.006790131281303569,9.47095131385425e-06,0.10448403886207906,0.09808354115606222,0.2025675800181413,4.675452662763736e-05,9.950538526481978e-08
28,0.22731779732677534,0.22787085200136742,0.0005530546745920739,1.2521486745987265e-06,0.03198703812138366,0.05774433282467698,0.08973137094606065,1.3954413728409639e-05,1.1473035499420803e-07
29,0.22731779732677534,0.22580271065365315,0.0015150866731221957,1.47578678269245e-06,0.034406863233778534,0.0887574646845338,0.12316432791831233,1.1982258236908116e-05,1.0305984687875025e-07
30,0.22731779732677534,0.2288056100346568,0.001487812707881453,1.3999819276064562e-06,0.03931225769150609,0.06183341921889812,0.10114567691040421,1.3841243346925972e-05,1.2122893622290576e-07
31,0.22731779732677534,0.22816395392950972,0.000846156602734377,1.5866752334117478e-06,0.09331479114440804,0.061748244552843105,0.15506303569725113,1.0232453055476171e-05,5.740275099697101e-08
32,0.22731779732677534,0.2266000054208819,0.000717791905893439,3.4905414106041294e-07,0.002480676159354281,0.01814707340488072,0.020627749564235,1.6921581289003686e-05,1.023316826831433e-07
33,0.22731779732677534,0.23037330301611914,0.0030555056893437904,2.0075862481111495e-06,0.0683427366947602,0.08047834628965955,0.14882108298441976,1.3489931721040666e-05,4.691949939683582e-08
34,0.22731779732677534,0.22818376527462356,0.0008659679478482118,1.2205350832606213e-06,0.07540582300709599,0.06195492200394512,0.13736074501104112,8.8856178172484e-06,3.667555503739095e-08
35,0.22731779732677534,0.2232097839906945,0.004108013336080851,3.4612356754281535e-06,0.04856189906834624,0.08078057293929389,0.12934247200764012,2.676024063637582e-05,1.2659904768952401e-07
36,0.22731779732677534,0.22713723053683926,0.00018056678993608188,8.722691509679002e-07,0.05200291444950962,0.036803702635925244,0.08880661708543486,9.822118887027854e-06,7.208018359960988e-08
37,0.22731779732677534,0.2270636038658595,0.00025419346091584694,5.104763888409572e-06,0.05959365238927532,0.07544848677925892,0.13504213916853425,3.780126647756049e-05,4.8073410141569184e-08
38,0.22731779732677534,0.2272551671139037,6.263021287164494e-05,8.231616422244153e-07,0.014212693286613863,0.046387328228068604,0.06060002151468247,1.3583520626720829e-05,7.323507134060492e-08
39,0.22731779732677534,0.229318121142625,0.002000323815849664,8.849456638017173e-07,0.014284967515393099,0.035575621452663436,0.049860588968056535,1.7748399730469743e-05,7.904751697651591e-08
40,0.22731779732677534,0.2298265506137543,0.002508753286978943,9.415340284267337e-07,0.03439023719245035,0.008165927880820711,0.04255616507327106,2.2124503624930672e-05,8.89260718395235e-08
41,0.22731779732677534,0.22233126329978087,0.004986534026994477,8.49370479871624e-06,0.08943782911400162,0.12423328623357502,0.21367111534757666,3.975130089483371e-05,6.13589108411361e-08
42,0.22731779732677534,0.2263736582260078,0.0009441391007675437,1.9282323177067175e-06,0.04156152018322706,0.04240560109186503,0.0839671212750921,2.2964135109377698e-05,8.947323237862292e-08
43,0.22731779732677534,0.22461776412071718,0.002700033206058161,2.154270184774834e-06,0.08403377423520082,0.10343895986051764,0.18747273409571846,1.1491112001785403e-05,1.0457947041686566e-07
44,0.22731779732677534,0.22674661459863532,0.0005711827281400239,2.1850733226213915e-06,0.037881673652221795,0.12981362918475886,0.16769530283698064,1.3030021030139031e-05,6.069677738196333e-08
45,0.22731779732677534,0.2319860477603732,0.004668250433597865,2.10601443166163e-06,0.05856626351511629,0.034655452043613866,0.09322171555873016,2.2591457570149845e-05,8.540730078721026e-08
46,0.22731779732677534,0.22117683379362074,0.006140963533154603,7.728097400539495e-06,0.12869232258893998,0.14637728215533208,0.27506960474427206,2.809506127630564e-05,5.305794559262722e-08
47,0.22731779732677534,0.22504273742743322,0.0022750598993421245,1.9024668663007548e-06,0.07824612170466683,0.06803600263720162,0.14628212434186844,1.3005463756149707e-05,6.462491342063004e-08
48,0.22731779732677534,0.2258281612287271,0.0014896360980482526,2.6892147285589575e-06,0.11857432374055249,0.16338009603216852,0.281954419772721,9.537764049688212e-06,5.511490286380649e-08
49,0.22731779732677534,0.22403474071465362,0.003283056612121721,1.1509934470057909e-06,0.008724387335914907,0.037364189656669766,0.04608857699258467,2.497350801676905e-05,7.817934744025479e-08
50,0.22731779732677534,0.22434662795254257,0.0029711693742327794,3.108758356033433e-07,0.004766026687858554,0.013498933220271347,0.018264959908129902,1.702034043146022e-05,1.3209469784669636e-07
51,0.22731779732677534,0.22755971658041502,0.00024191925363967193,2.1057047898539053e-06,0.08045554142662349,0.11709767016942785,0.19755321159605133,1.0658924615002279e-05,8.1283317854286e-08
52,0.22731779732677534,0.2286061554303086,0.0012883581035332548,3.3714141476142625e-07,0.01318210443024706,0.007536678619866552,0.020718783050113612,1.627225952151555e-05,6.658044071627955e-08
53,0.22731779732677534,0.2268940072084894,0.0004237901182859438,9.387570956538345e-07,0.04957574974076765,0.030847514447066463,0.08042326418783412,1.1672705716859516e-05,8.898142311863921e-08
54,0.22731779732677534,0.22668334551117975,0.0006344518155955992,2.523298410552681e-06,0.042508409822247364,0.055414363312369014,0.09792277313461638,2.576824909854067e-05,9.862401384452824e-08
55,0.22731779732677534,0.23042036645984726,0.003102569133071914,1.253050890789091e-06,0.032837455667171514,0.07817174761891042,0.11100920328608194,1.128781086339168e-05,7.207653851537543e-08
56,0.22731779732677534,0.23680812608042112,0.009490328753645777,6.7909683892872495e-06,0.08124239457124238,0.0900066904544611,0.17124908502570346,3.9655501740449974e-05,1.893526331286921e-07
57,0.22731779732677534,0.24021261814896944,0.012894820822194092,3.963531107805862e-06,0.0398169962487674,0.03570137664704226,0.07551837289580966,5.24843287245373e-05,1.2332185406194185e-07
58,0.22731779732677534,0.2268916850423396,0.00042611228443573124,2.1432359137460084e-06,0.030924222941255658,0.08927690157874116,0.12020112451999682,1.783041483434256e-05,9.172207171559421e-08
59,0.22731779732677534,0.22856824055257874,0.0012504432258033937,1.057459317463475e-06,0.025802067251406213,0.04221568675777365,0.06801775400917986,1.5546813223511575e-05,8.425546127455164e-08
60,0.22731779732677534,0.23170576171803653,0.004387964391261184,3.5037118059741107e-06,0.08593781540626831,0.1535431727438405,0.23948098815010882,1.4630438236616733e-05,1.1012379275143758e-07
61,0.22731779732677534,0.23262317247557313,0.005305375148797781,4.1229693845263286e-06,0.05948023452714947,0.0322651235757841,0.09174535810293358,4.4939269623870984e-05,9.434731396140705e-08
62,0.22731779732677534,0.22887006363769521,0.0015522663109198698,4.663736259395242e-07,0.014742802482329648,0.016605458059644272,0.03134826054197392,1.4877177166339765e-05,7.276622682184097e-08
63,0.22731779732677534,0.22770054377530177,0.0003827464485264276,1.2861050642462452e-06,0.022855337208874272,0.05799129879512757,0.08084663600400184,1.5907960155356174e-05,9.17372560138574e-08
64,0.22731779732677534,0.22762850932016174,0.0003107119933863922,3.880025543319391e-06,0.06483614792276386,0.04790154086423783,0.11273768878700169,3.441640133895264e-05,1.3675962406978215e-07
65,0.22731779732677534,0.228206654565293,0.000888857238517643,1.591306268597023e-06,0.07735006958588894,0.09744028119009107,0.17479035077598,9.104085331555401e-06,3.2860615561958184e-08
66,0.22731779732677534,0.22841340503136498,0.001095607704589635,2.2463297059640904e-06,0.01849148956586838,0.06638872707219073,0.08488021663805911,2.646470278866922e-05,6.909739624916256e-08
67,0.22731779732677534,0.22820201156014613,0.0008842142333707892,6.431234669716628e-07,0.023154487038675182,0.016595514031279512,0.039750001069954695,1.6179206280770943e-05,4.3125162108026416e-08
68,0.22731779732677534,0.22603010176906269,0.0012876955577126592,6.485834092905958e-07,0.02451916012502961,0.021616825771342395,0.04613598589637201,1.4058080621651966e-05,8.906611981274182e-08
69,0.22731779732677534,0.2311743172577931,0.0038565199310177656,2.4437117628078993e-06,0.037391774797676865,0.08317409751094712,0.12056587230862398,2.0268685624008898e-05,7.82931692810962e-08
70,0.22731779732677534,0.22639446050631282,0.0009233368204625281,2.092346407522647e-06,0.07775024025385432,0.11692373808650883,0.19467397834036315,1.0747951140467477e-05,4.821064081284021e-08
71,0.22731779732677534,0.23494114928842297,0.007623351961647623,1.253381471569123e-06,0.014960094856785303,0.005519611739049468,0.02047970659583477,6.120114395701547e-05,1.3699145995360595e-07
72,0.22731779732677534,0.23261218082962962,0.005294383502854272,1.8669913891975296e-06,0.06462265513940421,0.03973575629517587,0.10435841143458008,1.7890185980532142e-05,2.5529644176458532e-08
73,0.22731779732677534,0.2250651305964252,0.0022526667303501557,2.994881853448946e-06,0.05946176302815745,0.09662625608480455,0.156088019112962,1.918713473634084e-05,6.361469218063576e-08
74,0.22731779732677534,0.22909499248835394,0.001777195161578593,5.831888168269934e-08,0.005410696114481958,0.000362566406617415,0.005773262521099373,1.010154682375226e-05,7.950137614898267e-08
75,0.22731779732677534,0.22851829008938115,0.0012004927626058093,5.295113675700891e-07,0.034695972502745864,0.008739677854887662,0.043435650357633526,1.2190708858052841e-05,6.592848933451023e-08
76,0.22731779732677534,0.22921160445123456,0.001893807124459218,2.665576127627326e-06,0.025566066596000556,0.03103542942153302,0.05660149601753357,4.709373983333593e-05,1.1645509090385531e-07
77,0.22731779732677534,0.2256747283054307,0.0016430690213446453,2.0992829930687215e-06,0.025658616312798765,0.04930828531620368,0.07496690162900245,2.8002797867486788e-05,8.304849075102538e-08
78,0.22731779732677534,0.22679576109025867,0.0005220362365166709,2.0485994124931957e-06,0.06850898360866678,0.11047878464289915,0.17898776825156593,1.144547156772135e-05,6.39721093875778e-08
79,0.22731779732677534,0.2266412837499805,0.0006765135767948516,3.48989696105921e-07,0.017864453423216818,0.02458531584320918,0.042449769266426,8.221238940442037e-06,5.811962466850673e-08
80,0.22731779732677534,0.22718279765261834,0.00013499967415700476,8.677049633805341e-07,0.003176265531592462,0.02340505668946239,0.026581322221054852,3.264340863725853e-05,2.279773241298244e-07
81,0.22731779732677534,0.23186763427395213,0.004549836947176783,3.616840706471755e-06,0.09861280108841564,0.07256301246593007,0.1711758135543457,2.112939107091472e-05,5.8852275941490007e-08
82,0.22731779732677534,0.2255686126975224,0.0017491846292529423,1.9310284311754567e-06,0.0425352067244806,0.0843501905656456,0.1268853972901262,1.5218681364571199e-05,1.703039060885203e-07
83,0.22731779732677534,0.22328594478983022,0.00403185253694513,1.2311684587481453e-06,0.00398215904717944,0.04491312399507,0.04889528304224944,2.5179697961546053e-05,8.327165090804556e-08
84,0.22731779732677534,0.2309371882211225,0.003619390894347152,1.2295263720781411e-06,0.004564700706236255,0.0215706150544463,0.026135315760682554,4.704463429241654e-05,1.529624000795593e-07
85,0.22731779732677534,0.2300137305143799,0.0026959331876045545,1.5066702641494503e-06,0.01069418559738372,0.02920191753564816,0.03989610313303188,3.776484783803375e-05,7.437083127115329e-08
86,0.22731779732677534,0.22478487567280622,0.0025329216539691224,4.520543883185316e-06,0.055504694128264864,0.05688164232912424,0.1123863364573891,4.02232515595814e-05,7.609543217768078e-08
87,0.22731779732677534,0.22807421484838772,0.0007564175216123736,7.983683401187154e-07,0.02853239027267701,0.03170492058868374,0.06023731086136075,1.3253718147481732e-05,6.4948928013564e-08
88,0.22731779732677534,0.22701813048011193,0.00029966684666341004,2.832849768468828e-06,0.042590051814388435,0.04781822082835857,0.090408272642747,3.1333966302652206e-05,1.0224581359352669e-07
89,0.22731779732677534,0.22559117096350478,0.0017266263632705614,2.822023661033112e-06,0.05692906259215192,0.06723671822240923,0.12416578081456114,2.2727869486422688e-05,1.0301396002887486e-07
90,0.22731779732677534,0.23103683032049596,0.003719032993720617,1.39967494811725e-06,0.03570267125487563,0.0071045596869445775,0.04280723094182021,3.269716160850404e-05,7.660702294742805e-08
91,0.22731779732677534,0.23024941935919757,0.0029316220324222264,3.809090167141822e-07,0.011089828280987188,0.0008456555734113608,0.011935483854398549,3.1913998741978684e-05,1.3392323694461084e-07
92,0.22731779732677534,0.22992058196656875,0.0026027846397934096,1.4365644128158937e-06,0.015799837851801377,0.05301349639685137,0.06881333424865274,2.0876250635159702e-05,1.5964872090989957e-07
93,0.22731779732677534,0.23523815995568387,0.007920362628908523,1.635932476884354e-06,0.03413538131391919,0.10024139451724629,0.13437677583116547,1.2174220335065806e-05,8.526129136043892e-08
94,0.22731779732677534,0.23306150913269263,0.00574371180591729,2.397028241937483e-06,0.027784715036213714,0.019868203380256855,0.04765291841647057,5.0301814067047433e-05,1.2072329980128416e-07
95,0.22731779732677534,0.24091154709564283,0.013593749768867486,2.779419664915348e-06,0.00988060798208909,0.04214053051047956,0.05202113849256865,5.342865891549827e-05,1.5261748842476663e-07
96,0.22731779732677534,0.22581906085489736,0.0014987364718779816,2.1711532461714976e-06,0.07348520861578844,0.05901487351689623,0.13250008213268466,1.6386052078045657e-05,7.132990020863872e-08
97,0.22731779732677534,0.2264350999608273,0.0008826973659480375,1.954761354753914e-06,0.0425642573864485,0.07844158037839337,0.12100583776484186,1.615427313972011e-05,6.988305756294722e-08
98,0.22731779732677534,0.2336840172692529,0.006366219942477547,3.1796128563031904e-06,0.04991095562735648,0.057082791709061054,0.10699374733641753,2.971774459217341e-05,1.847158301870877e-07
99,0.22731779732677534,0.22568477274943594,0.0016330245773394092,8.151261769303235e-07,0.014763788647602735,0.06695073692972581,0.08171452557732854,9.975291065710818e-06,4.4850136049490175e-08
100,0.22731779732677534,0.22758957236953403,0.00027177504275868736,9.153119446947831e-07,0.03798690118240988,0.03771919740977209,0.07570609859218197,1.2090333034138225e-05,9.461039951474959e-08
101,0.22731779732677534,0.2191820831303944,0.008135714196380955,7.005599333042194e-06,0.08235493982732763,0.09731955578275078,0.17967449561007842,3.899050507560869e-05,1.362973307550419e-07
102,0.22731779732677534,0.2173961668118417,0.009921630514933638,9.552996971664337e-06,0.15508700508707493,0.17584684851849253,0.3309338536055675,2.8866786723640357e-05,3.564388251220407e-08
103,0.22731779732677534,0.2274312559956833,0.00011345866890796752,8.869257089887279e-07,0.02169827268897897,0.003177271549334882,0.02487554423831385,3.565452480121684e-05,9.628369213032784e-08
104,0.22731779732677534,0.24538870905168278,0.018070911724907435,7.106264419026429e-06,0.04780556432464633,0.10364899114959444,0.15145455547424078,4.6920110106790776e-05,9.456726246526159e-08
105,0.22731779732677534,0.22660334700562423,0.0007144503211511111,1.2100399054335655e-06,0.061583378254355364,0.06438048812473929,0.12596386637909465,9.606246141983995e-06,5.064615749006407e-08
106,0.22731779732677534,0.22812957073190193,0.0008117734051265868,6.508806214185731e-07,0.015168202060017955,0.029385926478858015,0.04455412853887597,1.460876113536018e-05,9.57216030883501e-08
107,0.22731779732677534,0.2294167933427273,0.002098996015951954,7.401844792805951e-07,0.025173782591127097,0.04037572034024656,0.06554950293137365,1.1291992252870678e-05,5.6108909518570727e-08
108,0.22731779732677534,0.22500531999853363,0.002312477328241719,7.175421548944e-07,0.0034548423398254313,0.053644764401924394,0.057099606741749825,1.2566499067842982e-05,4.2437253711113954e-08
109,0.22731779732677534,0.22676417431385168,0.0005536230129236652,2.348940668408472e-06,0.08618627579749877,0.06006505408916052,0.1462513298866593,1.6060986729001616e-05,3.747237187212704e-08
110,0.22731779732677534,0.22757014156842864,0.00025234424165329616,7.812377258789584e-07,0.031101357127425844,0.018389347992883602,0.049490705120309446,1.5785544456879496e-05,1.415091190892781e-07
111,0.22731779732677534,0.22245566544145273,0.0048621318853226125,5.22020053166818e-06,0.05255794432717553,0.09726840000267331,0.14982634432984884,3.48416732385574e-05,6.495985616083999e-08
112,0.22731779732677534,0.2249495148583577,0.0023682824684176373,8.27901687037069e-07,0.006180987801375132,0.057306107575677556,0.06348709537705269,1.3040471959224534e-05,8.132695228368902e-08
113,0.22731779732677534,0.2281897115237742,0.0008719141969988631,8.000291267756097e-07,0.023542403050180627,0.0020292032593456633,0.02557160630952629,3.128583778006827e-05,8.442890475635068e-08
114,0.22731779732677534,0.22491217012356968,0.002405627203205668,1.4016360497173563e-06,0.04688164684292107,0.03291346766980423,0.07979511451272531,1.7565436910223755e-05,9.94591786707133e-08
115,0.22731779732677534,0.2220422552697637,0.00527554205701164,9.420764871082401e-06,0.09862491955377585,0.15942235250696013,0.25804727206073597,3.6507903361462614e-05,1.2486933087529906e-07
116,0.22731779732677534,0.22785191997624502,0.0005341226494696705,3.136784744138515e-07,0.011796684043025522,0.0023210208492039017,0.014117704892229424,2.2218800917598467e-05,6.271670827118214e-08
117,0.22731779732677534,0.22558709810129962,0.0017306992254757236,1.79074196287813e-06,0.03389779685521801,0.03157971051378461,0.06547750736900262,2.7348963557612093e-05,1.1560815948996606e-07
118,0.22731779732677534,0.22692488554796367,0.0003929117788116776,1.4630069514542696e-06,0.06577334150163679,0.05745422877401973,0.12322757027565652,1.1872399562707965e-05,7.385952471850032e-08
119,0.22731779732677534,0.2270061868010766,0.00031161052569875225,3.1190437089685642e-06,0.07556773680101822,0.08070992947817318,0.1562776662791914,1.9958345829124206e-05,1.1413585809805227e-07
120,0.22731779732677534,0.2236063465123091,0.0037114508144662495,3.972061101091909e-06,0.12213221605768634,0.1378859872055619,0.2600182032632482,1.5276088563193807e-05,7.082189767970704e-08
121,0.22731779732677534,0.22114422842932766,0.00617356889744769,4.239214249882385e-06,0.07697999991878533,0.09060953406723958,0.1675895339860249,2.5295220704151418e-05,7.556000980457611e-08
122,0.22731779732677534,0.2243318401565841,0.0029859571701912335,2.704956804903026e-06,0.03566227697019388,0.03249903292524317,0.06816130989543706,3.968463647562772e-05,1.1886221784607187e-07
123,0.22731779732677534,0.22386175081434984,0.003456046512425509,4.2842411755784485e-06,0.07441237299569962,0.0939837866518507,0.16839615964755034,2.5441442278406328e-05,1.0631252678194869e-07
124,0.22731779732677534,0.2286094970150509,0.001291699688275555,1.2052355528187094e-06,0.03503542735192348,0.02420727081178944,0.059242698163712915,2.034403547063518e-05,1.6904026267638983e-07
125,0.22731779732677534,0.24062299195049655,0.013305194623721206,5.586150617311954e-06,0.06511574348736748,0.1211194999368552,0.18623524342422268,2.999513150466015e-05,8.907449711159643e-08
126,0.22731779732677534,0.2239218937640812,0.003395903562694147,3.688895751385858e-06,0.05979961933418802,0.06670824396767949,0.12650786330186753,2.915941867252612e-05,1.5860203461670608e-07
127,0.22731779732677534,0.23114834736726247,0.0038305500404871295,2.3472413294843843e-06,0.056654469964845564,0.08342434720026434,0.1400788171651099,1.6756575883402184e-05,9.560122293805762e-08
128,0.22731779732677534,0.22827610985086033,0.0009583125240849866,4.5496356424692784e-08,0.00023689878161853306,0.0033874801531466325,0.0036243789347651656,1.255286967604027e-05,6.186951395648066e-08
129,0.22731779732677534,0.22650661775481612,0.0008111795719592252,1.9761664063296933e-06,0.09364950458460827,0.11818796779937077,0.21183747238397904,9.328691397656366e-06,3.430671569049082e-08
130,0.22731779732677534,0.22672043058823937,0.0005973667385359704,3.4824969918766653e-07,0.00837550873693696,0.012316971301775323,0.020692480038712283,1.682977093785509e-05,3.7606589842198446e-08
131,0.22731779732677534,0.22688308344449282,0.00043471388228252805,2.1836799258003126e-07,0.011351925584673905,0.007017911236018692,0.018369836820692598,1.1887312593547477e-05,9.876949036424776e-08
132,0.22731779732677534,0.23261992943302706,0.005302132106251717,1.8017035565274546e-06,0.018514378105917002,0.02858383912056183,0.04709821722647883,3.825417738985094e-05,1.63373087502805e-07
133,0.22731779732677534,0.2259163834424264,0.0014014138843489454,2.872478073008306e-06,0.07372113785875728,0.1151072763419409,0.18882841420069818,1.5212107167066838e-05,5.30693107236857e-08
134,0.22731779732677534,0.2300291585120751,0.0027113611852997432,1.690010543110249e-06,0.08012910950760818,0.06683569485769991,0.1469648043653081,1.1499423623287493e-05,6.445804956456413e-08
135,0.22731779732677534,0.22387373820764916,0.0034440591191261805,3.358147364373311e-06,0.06097457656009244,0.0952468483307286,0.15622142489082105,2.1496074349086433e-05,6.570147803586224e-08
136,0.22731779732677534,0.22760473805519538,0.00028694072842003204,1.69681279255721e-06,0.04449928393622672,0.08056222080384967,0.12506150474007638,1.3567826455341384e-05,8.531871742434305e-08
137,0.22731779732677534,0.2255921421899286,0.0017256551368467488,9.025697238084447e-07,0.01062717325295854,0.031270402589537644,0.04189757584249618,2.1542289873796937e-05,8.515935689956677e-08
138,0.22731779732677534,0.22936823670281306,0.002050439376037716,8.536757879470701e-07,0.012644380064305377,0.025271188628520375,0.03791556869282575,2.251517825996896e-05,1.9714039467544353e-07
139,0.22731779732677534,0.22977520500012028,0.00245740767334493,6.538333770624328e-07,0.013102507959266554,0.020300069289397704,0.03340257724866426,1.957433919529605e-05,1.0302880326662489e-07
140,0.22731779732677534,0.22587612320476758,0.001441674122007769,2.1508015339751918e-06,0.053119093273030445,0.06153846609650201,0.11465755936953245,1.8758479997322504e-05,4.967366606933865e-08
141,0.22731779732677534,0.22586591233661923,0.0014518849901561104,7.910120414249065e-07,0.030214795065323125,0.0013158946203318533,0.03153068968565498,2.508705167285893e-05,9.448071125461865e-08
142,0.22731779732677534,0.23121474920921714,0.003896951882441796,1.3629744069164666e-06,0.0078827785904187,0.015476605270142177,0.023359383860560877,5.834804612366777e-05,1.7868202917270537e-07
143,0.22731779732677534,0.2244561280287507,0.002861669298024644,2.3284272548406277e-06,0.06481843574675619,0.10278446331527338,0.16760289906202958,1.389252374434693e-05,9.589994931502588e-08
144,0.22731779732677534,0.22894648805702855,0.0016286907302532072,9.94943466864026e-07,0.012609498085005694,0.024902255304298848,0.03751175338930454,2.6523512685165687e-05,9.736797323967039e-08
145,0.22731779732677534,0.22315576066529166,0.004162036661483681,4.64239129379697e-06,0.0877130788705793,0.08289582453187286,0.17060890340245216,2.721072113596532e-05,8.022132647056424e-08
146,0.22731779732677534,0.22418286063950132,0.0031349366872740203,5.254919443499248e-06,0.12297295391669176,0.10695462814036455,0.22992758205705632,2.2854671877492473e-05,6.785668915654242e-08
147,0.22731779732677534,0.22645953244446157,0.0008582648823137751,7.637672297604907e-07,0.01856199561585975,0.027733631940905445,0.046295627556765195,1.649761046707922e-05,8.231175741002517e-08
148,0.22731779732677534,0.22647142660417563,0.0008463707225997152,3.243560977194213e-07,0.007595808850260025,0.011513209521406303,0.019109018371666328,1.6973980107756685e-05,8.844506282912334e-08
149,0.22731779732677534,0.22861063466561785,0.0012928373388425007,8.241769285912087e-07,0.02991228765022714,0.045528718825809514,0.07544100647603666,1.0924787023526828e-05,4.8922206730139806e-08
150,0.22731779732677534,0.23321530287224124,0.005897505545465892,2.798642039737766e-06,0.02488758429966506,0.03358794633223711,0.058475530631902174,4.786005376086192e-05,7.016506486934304e-08
151,0.22731779732677534,0.23025076764461802,0.002932970317842676,2.3680191515085515e-06,0.030637967546023936,0.09178707814422837,0.12242504569025231,1.9342603779784394e-05,9.139396439650227e-08
152,0.22731779732677534,0.23124685447037444,0.003929057143599091,1.3794369568116527e-06,0.025206812292405803,0.07277751938346247,0.09798433167586827,1.4078138139216216e-05,5.948326275984073e-08
153,0.22731779732677534,0.22755997623814336,0.0002421789113680184,3.314485893651133e-07,0.012291298493117928,0.0183801579714917,0.03067145646460963,1.0806418330592043e-05,7.245261457455854e-08
154,0.22731779732677534,0.22742545034158002,0.0001076530148046706,4.997413317324105e-07,0.013067608661937723,0.02841254344303791,0.04148015210497563,1.2047721774686199e-05,8.098444226334323e-08
155,0.22731779732677534,0.22843656010009122,0.001118762773315879,1.194621722151768e-06,0.02920873183548517,0.014567081668691625,0.043775813504176794,2.728953790973605e-05,5.45610170377131e-08
156,0.22731779732677534,0.2310901263309052,0.003772329004129854,4.0474788831870794e-07,0.0037125973255762723,0.01002910531644946,0.013741702642025733,2.9453983895771595e-05,1.3236933682492236e-07
157,0.22731779732677534,0.22637941437977877,0.0009383829469965799,1.922259000808339e-06,0.05129894307863496,0.036720582147576585,0.08801952522621154,2.1839006696163195e-05,8.190752254222389e-08
158,0.22731779732677534,0.22772371904924166,0.00040592172246631253,1.6968568973367465e-07,0.0007240317893449366,0.008409785807653164,0.009133817596998101,1.8577740132389237e-05,6.700182098029472e-08
159,0.22731779732677534,0.22413463767857975,0.0031831596481955993,3.0354248607831397e-06,0.0802847954643241,0.1173955561743692,0.1976803516386933,1.5355217833338757e-05,9.243432685934749e-08
160,0.22731779732677534,0.22725945590058433,5.8341426191016454e-05,4.0652693713945014e-07,0.009574489667785527,0.005350795610407494,0.01492528527819302,2.723746511789741e-05,1.0717955234440524e-07
161,0.22731779732677534,0.2255912436576163,0.0017265536691590533,2.8816269812218066e-06,0.06719407428653733,0.07486884270592828,0.1420629169924656,2.02841603018375e-05,5.8616159037683246e-08
162,0.22731779732677534,0.22884151192328642,0.001523714596511072,8.879807620996385e-07,0.0464906186399997,0.039768332462501776,0.08625895110250148,1.0294360767782247e-05,1.1480552331022409e-07
163,0.22731779732677534,0.2263513806536739,0.0009664166731014334,1.617822029397609e-06,0.0849406065296964,0.08611302227366194,0.17105362880335834,9.457981340211393e-06,7.334944029935286e-08
164,0.22731779732677534,0.22845333638320692,0.0011355390564315726,3.193518763104364e-07,0.0011123250530028356,0.02709918547837473,0.028211510531377566,1.131991411644708e-05,7.299199467070139e-08
165,0.22731779732677534,0.22329874277147868,0.004019054555296664,4.963811502875135e-06,0.06962893224358646,0.08245322589881837,0.15208215814240483,3.263901277773282e-05,8.066083267976865e-08
166,0.22731779732677534,0.2295445138753622,0.00222671654858686,2.1436230132384153e-06,0.02573285333100117,0.016862685282073103,0.042595538613074274,5.032505945541563e-05,2.994727879013226e-07
167,0.22731779732677534,0.23025098309163605,0.0029331857648607074,1.2403218226253839e-06,0.018267588802431546,0.03957986279655121,0.05784745159898275,2.1441252610809823e-05,1.3274463128709613e-07
168,0.22731779732677534,0.22813734383724232,0.0008195465104669786,2.1001414353515425e-06,0.03073391209486888,0.03731431524615295,0.06804822734102184,3.086254436617049e-05,7.703437887585096e-08
169,0.22731779732677534,0.2287860596744241,0.0014682623476487688,3.621684476834656e-07,0.014521107576432907,0.027575466919119954,0.04209657449555286,8.603275967780361e-06,3.1854625603955355e-08
170,0.22731779732677534,0.23307954824938473,0.005761750922609388,1.2435815085984674e-06,0.029834494040959586,0.02025520731853664,0.050089701359496225,2.4827089698004434e-05,6.285290510277264e-08
171,0.22731779732677534,0.2310116644015397,0.003693867074764351,8.383859733480846e-07,0.008543848763496315,0.03025116547206784,0.038795014235564154,2.1610662861402423e-05,1.292834213018068e-07
172,0.22731779732677534,0.23165000078857095,0.0043322034617956084,4.300335738925125e-06,0.08067385167414792,0.14039724353209637,0.2210710952062443,1.9452275001909248e-05,1.0007629924757566e-07
173,0.22731779732677534,0.22620192686255108,0.0011158704642242612,1.6708031740002709e-06,0.07791715753744438,0.08641967872513234,0.16433683626257672,1.0166942555293376e-05,5.1366164655064495e-08
174,0.22731779732677534,0.22837367022949134,0.0010558729027159985,6.240266037896932e-08,0.0026356638818371414,0.0014120309915156837,0.004047694873352825,1.5416839048265355e-05,7.192139861444957e-08
175,0.22731779732677534,0.22884008828944896,0.001522290962673617,1.0573927126409943e-07,0.0005951981960606312,0.007918589393241679,0.00851378758930231,1.2419768540732947e-05,2.353681161082477e-08
176,0.22731779732677534,0.22742248930084621,0.00010469197407086961,1.9165930532071124e-06,0.08253907783601588,0.0779520626783807,0.16049114051439659,1.1942048932197522e-05,6.290940746112028e-08
177,0.22731779732677534,0.22702339132392288,0.0002944060028524653,1.4143750483957853e-07,0.008558057356460098,0.005360865929136094,0.013918923285596192,1.0161526286012596e-05,7.02203237779031e-08
178,0.22731779732677534,0.22672434231592348,0.0005934550108518677,7.651431066891526e-07,0.04653577887570792,0.03107590762477133,0.07761168650047925,9.858606882411039e-06,6.979824718200689e-08
179,0.22731779732677534,0.2276868003963251,0.0003690030695497615,1.5879727772701018e-06,0.05593250200882561,0.04410005938779585,0.10003256139662145,1.5874558794649988e-05,1.177016883957549e-07
180,0.22731779732677534,0.22661564621128968,0.0007021511154856608,3.9467404488578447e-07,0.009256534132076846,0.004934778196667017,0.014191312328743863,2.781096178726121e-05,6.779764305520075e-08
181,0.22731779732677534,0.22551558163446356,0.0018022156923117871,2.329496051842184e-06,0.04341603042522171,0.06444896823948756,0.10786499866470928,2.159640365901508e-05,1.0091795843436557e-07
182,0.22731779732677534,0.22425378327317008,0.003064014053605263,3.698152822944307e-06,0.0960384675154897,0.1236698167456865,0.2197082842611762,1.6832104603521284e-05,3.755066302346677e-08
183,0.22731779732677534,0.23253286457866207,0.005215067251886724,8.935166848708809e-07,0.02357494813394273,0.015785821248677334,0.039360769382620064,2.270069154861128e-05,8.807369056285097e-08
184,0.22731779732677534,0.22475501376335885,0.002562783563416493,3.372393201068344e-06,0.044324299577324755,0.04943496591413703,0.09375926549146178,3.596863929544597e-05,6.248620110227421e-08
185,0.22731779732677534,0.2262282759699374,0.001089521356837958,2.1391217463298832e-07,0.003357189656817944,0.008303792683507144,0.011660982340325088,1.8344267094312812e-05,4.656688901150119e-08
186,0.22731779732677534,0.2286160611028655,0.0012982637760901583,2.753759024553691e-06,0.08583397051100694,0.1043713546372614,0.19020532514826832,1.4477822965298622e-05,6.940221197737628e-08
187,0.22731779732677534,0.2274034363894438,8.563906266845223e-05,8.298581745199013e-07,0.044045855284221336,0.024888707524061665,0.068934562808283,1.2038346813453463e-05,1.054943936651398e-07
188,0.22731779732677534,0.22515683629807792,0.0021609610286974223,9.10238492999048e-07,0.05353634972920497,0.014806903583203634,0.0683432533124086,1.3318629841020202e-05,7.15840968723569e-08
189,0.22731779732677534,0.22911319323601342,0.001795395909238079,7.598519064443354e-07,0.018655022812426383,0.011870551075281899,0.030525573887708282,2.4892305358108423e-05,5.747534714828362e-08
190,0.22731779732677534,0.22694175506466463,0.0003760422621107151,1.6340213419149817e-06,0.04649583682752467,0.025151658265451488,0.07164749509297616,2.2806398741428857e-05,1.0340247058593377e-07
191,0.22731779732677534,0.23005318678046438,0.0027353894536890355,6.085962335126398e-07,0.02893963184822962,0.023261141607351286,0.052200773455580905,1.1658758926829146e-05,5.833303617919228e-08
192,0.22731779732677534,0.2270240301985069,0.00029376712826845175,4.635979159096685e-07,0.017829444428429965,0.018417683181977725,0.03624712761040769,1.2789921477158786e-05,7.57262057504704e-08
193,0.22731779732677534,0.21796118354708371,0.00935661377969163,7.728611248542082e-06,0.07394313901766109,0.09487694531921245,0.16882008433687354,4.5780164598898996e-05,6.504681948626967e-08
194,0.22731779732677534,0.23376812108288408,0.006450323756108739,3.002114365354712e-06,0.02375065705347985,0.058050463345394286,0.08180112039887413,3.6700161938075746e-05,1.0965567298626411e-07
195,0.22731779732677534,0.23832395413279286,0.01100615680601752,4.010931427777879e-06,0.052320216886278983,0.04316401735298099,0.09548423423925997,4.200621662553708e-05,8.152358077495592e-08
196,0.22731779732677534,0.22688754081317572,0.000430256513599625,2.315619778774379e-06,0.08155768841642874,0.09254025304024402,0.17409794145667276,1.3300672939608884e-05,4.922936014395418e-08
197,0.22731779732677534,0.22397352751884472,0.003344269807930622,3.366267203585278e-06,0.06160443800947707,0.07911261728424988,0.14071705529372697,2.3922240246988335e-05,1.8772190912841324e-07
198,0.22731779732677534,0.2274038161027458,8.601877597044782e-05,2.5581540087046484e-06,0.051797032584757804,0.025061682059866197,0.076858714644624,3.3283851031505405e-05,8.505596582608632e-08
199,0.22731779732677534,0.22661493331544147,0.0007028640113338758,2.4934152727759072e-06,0.059605619925575504,0.12423460301652942,0.18384022294210492,1.3562947394603275e-05,6.982451594694794e-08
200,0.22731779732677534,0.23222836809749497,0.00491057077071963,3.234638746033556e-06,0.03166762260651655,0.07391704061861284,0.1055846632251294,3.0635498066007986e-05,7.316168648685561e-08
201,0.22731779732677534,0.228631582334146,0.0013137850073706436,1.2061394460537198e-06,0.06108092804666873,0.06306273842832572,0.12414366647499445,9.71567443029134e-06,7.098684307038639e-08
202,0.22731779732677534,0.22427596364944946,0.0030418336773258836,3.677953311841692e-06,0.07325635232166866,0.13084239558546057,0.20409874790712923,1.8020459946747278e-05,5.962584026519835e-08
203,0.22731779732677534,0.22788215498221961,0.0005643576554442697,8.722531016561755e-07,0.055927501662727135,0.056262452864916025,0.11218995452764316,7.774787906177961e-06,5.228517352406925e-08
204,0.22731779732677534,0.228594283137221,0.001276485810445649,1.6192141800977106e-06,0.0473457366204083,0.0724077686884885,0.11975350530889681,1.3521225753860375e-05,9.351879270980135e-08
205,0.22731779732677534,0.22581745158459582,0.0015003457421795263,2.787843708363368e-06,0.05186787925777928,0.03942859766716368,0.09129647692494297,3.053615870254579e-05,6.506494543145891e-08
206,0.22731779732677534,0.22366644043916556,0.0036513568876097857,4.1124804023149335e-06,0.09734888651104201,0.1273599957447646,0.2247088822558066,1.830137002610036e-05,8.293175568496736e-08
207,0.22731779732677534,0.2290148744236712,0.0016970770968958437,2.1680819729072742e-06,0.12692029161283136,0.1637185057669523,0.29063879737978365,7.459712854764525e-06,4.682634369146399e-08
208,0.22731779732677534,0.2377045265771048,0.010386729250329463,4.177725219658923e-06,0.07836944497283402,0.14747110717261275,0.22584055214544677,1.8498560953607514e-05,8.413159946485393e-08
209,0.22731779732677534,0.23082427253890792,0.0035064752121325704,2.366673160357744e-06,0.03960820039897568,0.0966841502093842,0.13629235060835987,1.7364680774774e-05,6.372587080250014e-08
210,0.22731779732677534,0.22671540703908402,0.0006023902876913234,1.0155962964315588e-06,0.03981629164520767,0.019620496102845858,0.05943678774805353,1.7086998387876677e-05,9.058928895910867e-08
211,0.22731779732677534,0.22707493400296025,0.00024286332381509568,2.2583287965711834e-06,0.07052869516368399,0.08485593054802112,0.1553846257117051,1.4533798219916578e-05,1.0483516632575629e-07
212,0.22731779732677534,0.22924238642536077,0.001924589098585422,7.160031648488581e-07,0.012751622965667002,0.020132229547434995,0.032883852513101997,2.177370077193903e-05,9.042395276992465e-08
213,0.22731779732677534,0.22761552172059088,0.00029772439381553495,2.271288000828634e-07,0.009745731391797133,0.005615309402160519,0.015361040793957653,1.4786029353701458e-05,8.695528919133722e-08
214,0.22731779732677534,0.22793168069069863,0.0006138833639232899,2.294865656403227e-06,0.09271256909751618,0.12168903704828034,0.2144016061457965,1.0703584257865501e-05,6.840608079983213e-08
215,0.22731779732677534,0.23276263084556564,0.0054448335187902985,2.703473297857106e-06,0.026317478950794775,0.03343779681199266,0.059755275762787434,4.524242024401622e-05,9.301226810976004e-08
216,0.22731779732677534,0.22863390582744852,0.0013161085006731799,1.1768713747446206e-06,0.01807571351729901,0.015669482213367898,0.03374519573066691,3.487522739941038e-05,4.6207272674791966e-08
217,0.22731779732677534,0.21904741448092455,0.008270382845850799,9.47405948972857e-06,0.08624848846693098,0.13004829051448077,0.21629677898141175,4.380120468896469e-05,4.78070312226464e-08
218,0.22731779732677534,0.22607605339131956,0.0012417439354557858,2.27307510248433e-06,0.06392998728082748,0.03475757619734282,0.0986875634781703,2.3033045121102158e-05,1.0829899821374056e-07
219,0.22731779732677534,0.2237188816505153,0.003598915676260056,3.7842978744023466e-06,0.11147936152234694,0.15530964476077258,0.2667890062831195,1.4184609505184808e-05,4.0998834549554886e-08
220,0.22731779732677534,0.22536617338120377,0.001951623945571579,2.414405213500065e-06,0.017576473261312175,0.0645015739294473,0.08207804719075948,2.9415968046714003e-05,5.994719032287321e-08
221,0.22731779732677534,0.24017245296849493,0.012854655641719587,2.0256937551260117e-06,5.399878776173213e-05,0.030577118976733958,0.03063111776449569,6.61318914543164e-05,1.1860623772008694e-07
222,0.22731779732677534,0.22687813524375447,0.0004396620830208753,3.4754983890093436e-06,0.07982318072561773,0.06669202064619428,0.146515201371812,2.3721077106460525e-05,9.860006855433312e-08
223,0.22731779732677534,0.2271139593750086,0.00020383795176673325,3.6322069257861145e-07,0.020875239849392782,0.007189868212013895,0.028065108061406677,1.2942073544982678e-05,9.704117331921225e-08
224,0.22731779732677534,0.22826122882131664,0.0009434314945412914,8.785717168298425e-07,0.031459134235268804,0.009043397006628831,0.040502531241897635,2.169177307913557e-05,6.603723079479096e-08
225,0.22731779732677534,0.22623228142765298,0.001085515899122369,1.1924368042679586e-06,0.03537883615717832,0.06630997267959057,0.1016888088367689,1.1726332699816169e-05,1.1448601355823484e-07
226,0.22731779732677534,0.22632398712930576,0.00099381019746958,1.0614431835267204e-06,0.04544496629871324,0.031107849501130616,0.07655281579984385,1.3865501515998913e-05,1.0727565324941679e-07
227,0.22731779732677534,0.22777270044387463,0.0004549031170992812,8.536904663787236e-07,0.016779153864731167,0.041598740900465885,0.05837789476519705,1.4623522650351983e-05,8.88898412654271e-08
228,0.22731779732677534,0.23087140421783187,0.003553606891056521,1.2263392485280718e-06,0.010997004697198564,0.06367705805452747,0.07467406275172604,1.6422559632323284e-05,1.0348696832807036e-07
229,0.22731779732677534,0.2263972814484456,0.0009205158783297529,1.1618965316368207e-07,0.0024520939864827174,0.007784178116030854,0.010236272102513572,1.1350778095782651e-05,7.628876375065374e-08
230,0.22731779732677534,0.22830729471307878,0.0009894973863034395,1.583032014141727e-06,0.03925061056269977,0.02658360007580353,0.0658342106385033,2.4045735473828054e-05,1.6033914107538294e-07
231,0.22731779732677534,0.22666723310103742,0.0006505642257379207,1.1690239816903257e-06,0.03310323694226704,0.017908851693699532,0.051012088635966575,2.2916606885727354e-05,7.883284069976071e-08
232,0.22731779732677534,0.22648680640970234,0.0008309909170730045,5.039447654445474e-07,0.03366559113035918,0.0032375638856805763,0.03690315501603976,1.3655872112438908e-05,8.180380461908499e-08
233,0.22731779732677534,0.22499404633178893,0.002323750994986412,9.875675424500562e-07,0.0036543696141858317,0.020576589559144542,0.024230959173330374,4.075643623455959e-05,1.251849539585237e-07
234,0.22731779732677534,0.2338652037214521,0.006547406394676741,2.276249805169543e-06,0.001314033133952952,0.045514764773281674,0.046828797907234626,4.8607905965868986e-05,5.021935933768873e-08
235,0.22731779732677534,0.22670187777997275,0.0006159195468025958,9.331837190517833e-07,0.042162093364912334,0.010683170680177156,0.05284526404508949,1.765879565395978e-05,2.1182931675411965e-07
236,0.22731779732677534,0.2257297228572574,0.0015880744695179472,2.543419900023167e-06,0.05795641102459967,0.052749284300228405,0.11070569532482807,2.2974607517349216e-05,5.166232242004298e-08
237,0.22731779732677534,0.22044745292360457,0.006870344403170775,7.228441053000384e-06,0.07408109481408609,0.05736240595567148,0.13144350076975758,5.4992761229496245e-05,7.573182614351026e-08
238,0.22731779732677534,0.22505686135041825,0.002260935976357098,3.0557423905798818e-06,0.07837156407067293,0.0993950783897373,0.17776664246041024,1.7189627639282297e-05,8.249666194615202e-08
239,0.22731779732677534,0.22429508660065797,0.0030227107261173725,1.7392370890279413e-06,0.04872141405798173,0.04737085279782469,0.09609226685580642,1.8099657193411782e-05,8.076215607388804e-08
240,0.22731779732677534,0.22430378854531102,0.0030140087814643224,3.3431714231374317e-06,0.09424575527950976,0.09732584611592912,0.19157160139543888,1.74512892244217e-05,9.246652865613214e-08
241,0.22731779732677534,0.22948764460943727,0.002169847282661924,9.034848729220662e-07,0.03012526400074833,0.06156475675464046,0.09169002075538879,9.853688171064862e-06,7.544138469484096e-08
242,0.22731779732677534,0.2246949430112926,0.002622854315482731,8.20671484034824e-07,0.024274483007877545,0.025833476643473213,0.05010795965135076,1.6378066274201233e-05,9.204309492361062e-08
243,0.22731779732677534,0.22724538100047417,7.241632630117234e-05,3.2508735509500374e-07,0.013222618084749227,0.01195996714885951,0.025182585233608737,1.290921293740491e-05,5.386936408058318e-08
244,0.22731779732677534,0.22971233566899407,0.002394538342218727,1.8179083973410092e-06,0.062416293746352325,0.09128803928248107,0.1537043330288334,1.1827307412342029e-05,7.754994157949113e-08
245,0.22731779732677534,0.22891044343448141,0.0015926461077060694,3.043900681773803e-06,0.08231559477289975,0.09187170884331239,0.17418730361621215,1.747487112195299e-05,1.1497381535718887e-07
246,0.22731779732677534,0.22971335376043378,0.0023955564336584356,2.883951566940356e-07,0.013140098082717488,0.013280606766550795,0.026420704849268284,1.0915498217755634e-05,8.258575689978898e-08
247,0.22731779732677534,0.23325866870815054,0.005940871381375196,4.422111689814724e-06,0.10790035595176621,0.12531424531580104,0.23321460126756727,1.896155586219592e-05,7.370751831103917e-08
248,0.22731779732677534,0.23145483845591522,0.004137041129139873,2.573922269257658e-06,0.01997541385601807,0.06443251371994453,0.0844079275759626,3.0493845106447683e-05,5.976664141371657e-08
249,0.22731779732677534,0.22804087557131533,0.0007230782445399875,9.49848159625741e-07,0.04522186577502302,0.058263243634169015,0.10348510940919203,9.178597433471632e-06,1.0134553463103657e-07
250,0.22731779732677534,0.22043589244288314,0.006881904883892204,8.373690684590434e-06,0.09451760049044187,0.11481965792637544,0.20933725841681733,4.000095705809494e-05,9.489794905448434e-08
251,0.22731779732677534,0.22873783804065526,0.001420040713879911,4.416094498472047e-07,0.028820272977759145,0.010485055525817855,0.039305328503577,1.1235358325704257e-05,1.0101727099254276e-07
252,0.22731779732677534,0.23001591125477594,0.002698113928000595,2.756918308199276e-06,0.06658272799435981,0.07102644047716686,0.13760916847152665,2.0034408599523822e-05,5.419981619070313e-08
253,0.22731779732677534,0.22555470422155538,0.001763093105219965,9.503160639136122e-07,0.02613122647685146,0.016106289600152188,0.04223751607700365,2.2499335950084784e-05,7.339413343743217e-08
254,0.22731779732677534,0.22873307547638108,0.0014152781496057365,1.942698363234182e-06,0.031361744267692726,0.03873067175520775,0.07009241602290048,2.7716241976870463e-05,9.375983012205324e-08
255,0.22731779732677534,0.23101432024668214,0.0036965229199067973,1.8957044118180044e-07,0.004721448899730335,0.013810870080768117,0.018532318980498452,1.022918078311113e-05,8.339301871274074e-08
256,0.22731779732677534,0.22970643545415279,0.0023886381273774404,9.098559936630844e-08,0.0027353032897912133,0.004248298129143208,0.006983601418934421,1.3028463955520432e-05,1.220302010551677e-07
257,0.22731779732677534,0.22907620056183262,0.001758403235057271,5.380453796569535e-07,0.0041743348560840665,0.029541783328758932,0.033716118184843,1.595810575544935e-05,5.544588788097826e-08
258,0.22731779732677534,0.2256635198853164,0.0016542774414589345,6.206004586891399e-07,0.022943983937988355,0.01209411145903,0.035038095397018354,1.7712163051589594e-05,9.17738063321849e-08
259,0.22731779732677534,0.22793786556165757,0.0006200682348822262,2.285768284596869e-06,0.053160758554836166,0.07471076462869122,0.1278715231835274,1.787550681879517e-05,5.7698585465004726e-08
260,0.22731779732677534,0.22709090498734874,0.00022689233942660425,1.12629441939502e-06,0.05920747221174358,0.019848472532501993,0.07905594474424557,1.4246802350395065e-05,8.517551464137796e-08
261,0.22731779732677534,0.21911417103779185,0.008203626288983495,6.3169230839842426e-06,0.1305179474931114,0.1018009357017706,0.232318883194882,2.719074315920009e-05,7.227469467352421e-08
262,0.22731779732677534,0.22767753492550494,0.00035973759872959254,4.0380798929094255e-07,0.04701328988047815,0.000545950345872211,0.04755924022635036,8.490631628450855e-06,6.077979719520954e-08
263,0.22731779732677534,0.2232066096608017,0.0041111876659736535,2.683258500838931e-06,0.0394533221923038,0.07764985803188637,0.11710318022419017,2.2913626220072944e-05,1.0854895293732625e-07
264,0.22731779732677534,0.23308255615513437,0.005764758828359029,9.099381565278169e-07,0.017175352212344626,0.026832711064730203,0.04400806327707483,2.0676623526894264e-05,1.0262328231647189e-07
265,0.22731779732677534,0.2230928913341654,0.00422490599260994,2.9276836389333343e-06,0.05265057092803416,0.08501454377084766,0.13766511469888182,2.126670685843052e-05,7.193840900754367e-08
266,0.22731779732677534,0.22538098171663595,0.0019368156101393919,3.451324847843593e-06,0.15346711983562367,0.18228433641356803,0.33575145624919167,1.0279403956723426e-05,4.2742911432469555e-08
267,0.22731779732677534,0.22966399447609792,0.0023461971493225764,9.448980167762909e-07,0.01512657272078813,0.014341513029242473,0.029468085750030605,3.2065130554851515e-05,9.351400365176232e-08
268,0.22731779732677534,0.22757232230882465,0.00025452498204930896,4.537712740530317e-07,0.019297364446306538,0.026745572252235044,0.04604293669854158,9.855393825637647e-06,4.260919794774054e-08
269,0.22731779732677534,0.22856148817399463,0.0012436908472192865,7.940494841342976e-07,0.015218081508638612,0.06497604422786056,0.08019412573649917,9.901591629583632e-06,4.4203623872363096e-08
270,0.22731779732677534,0.22974254880834222,0.0024247514815668725,5.496466654497603e-07,0.010750839281343405,0.03192568518268826,0.04267652446403167,1.2879368044907444e-05,5.1780169485482475e-08
271,0.22731779732677534,0.23008816248408676,0.0027703651573114108,2.090346371736846e-06,0.050691333417655735,0.07492535998930466,0.1256166934069604,1.6640673425185224e-05,8.818771846108575e-08
272,0.22731779732677534,0.22715265455307623,0.0001651427736991118,9.554641758418582e-07,0.03442505365578691,0.04937054047716305,0.08379559413294996,1.140231996357613e-05,9.865504324579888e-08
273,0.22731779732677534,0.22372677696928855,0.0035910203574867905,2.9770882913547423e-06,0.04902358054294381,0.08948183203817345,0.13850541258111726,2.1494382319616403e-05,7.766919907226111e-08
274,0.22731779732677534,0.22863174875828907,0.0013139514315137213,1.3927043436825178e-06,0.023659047507073455,0.07930478674113836,0.10296383424821182,1.3526150748477055e-05,1.1599826876818042e-07
275,0.22731779732677534,0.22737891067222427,6.1113345448921e-05,1.6805236373048064e-06,0.05070384687723357,0.03332687241623442,0.08403071929346799,1.9998920054888064e-05,1.48564055280076e-07
276,0.22731779732677534,0.22503278754416595,0.0022850097826093985,5.394442063354622e-07,0.001125254923697222,0.03106278773201311,0.03218804265571033,1.675914910718443e-05,2.487215624569217e-07
277,0.22731779732677534,0.2323229450913083,0.005005147764532952,2.0557141543241154e-06,0.02393314821295578,0.008274323098517722,0.0322074713114735,6.382724475459808e-05,8.596664002880061e-08
278,0.22731779732677534,0.22932968544261847,0.00201188811584313,4.132336210279903e-06,0.05456429846391425,0.0837473397298083,0.13831163819372255,2.987699563280463e-05,8.560020603454177e-08
279,0.22731779732677534,0.22498576963830094,0.002332027688474403,2.8707686380530845e-06,0.09993925353754929,0.1054580706889338,0.2053973242264831,1.3976660352632476e-05,1.3003449339521467e-07
280,0.22731779732677534,0.2310291522533509,0.0037113549265755663,3.4650652447957923e-06,0.02188855446672834,0.08469435076742567,0.10658290523415401,3.251051598925104e-05,5.1642356169168124e-08
281,0.22731779732677534,0.22824533053103963,0.0009275332042642803,8.535798793015382e-07,0.01605091123632421,0.02724223565045991,0.04329314688678412,1.9716281690812043e-05,1.0829491259300994e-07
282,0.22731779732677534,0.22989556010868278,0.002577762781907439,7.429848134598733e-07,0.014178978600463146,0.002453865317558507,0.016632843918021653,4.4669740010898e-05,8.313331534282042e-08
283,0.22731779732677534,0.22758040459121476,0.00026260726443941285,1.1303661956157365e-07,0.005047904096791289,0.0021638614086793573,0.007211765505470646,1.5673917777252627e-05,1.6089322230072867e-07
284,0.22731779732677534,0.2285338805297612,0.001216083202985857,1.9973111262237597e-06,0.0431177016982387,0.06748318032484711,0.11060088202308581,1.805872692594675e-05,7.899745924078161e-08
285,0.22731779732677534,0.22714822832210008,0.00016956900467526848,4.516954878042419e-07,0.005827132287494707,0.014712530046347427,0.020539662333842135,2.199137845903176e-05,1.1513019870790231e-07
286,0.22731779732677534,0.2295555374897188,0.0022377401629434523,1.7409878981484466e-06,0.01601963454870632,0.02709130587230607,0.04311094042101239,4.038389979773868e-05,1.279842223311789e-07
287,0.22731779732677534,0.2284268677166933,0.0011090703899179488,1.9351033632160077e-06,0.010629509059973178,0.03545298396996123,0.046082493029934404,4.199215875666704e-05,1.5510227058257442e-07
288,0.22731779732677534,0.22511074986684207,0.0022070474599332757,2.8468747681036368e-06,0.03225015693407618,0.05084079005646447,0.08309094699054065,3.426215335381524e-05,1.3825555811308732e-07
289,0.22731779732677534,0.22853776642834953,0.001219969101574181,1.3547980063524099e-06,0.026847669398187113,0.014801585420181985,0.0416492548183691,3.252874540638567e-05,1.2075179256498814e-07
290,0.22731779732677534,0.2314610723497491,0.004143275022973764,1.2569098361987498e-06,0.0387108962612967,0.04176072758989585,0.08047162385119255,1.561929256607294e-05,1.0889239376865589e-07
291,0.22731779732677534,0.239706295396972,0.012388498070196652,4.273602330043381e-06,0.0676425226755491,0.0864332788524329,0.154075801527982,2.773701183223923e-05,1.051261762086142e-07
292,0.22731779732677534,0.22721875252659218,9.904480018316231e-05,4.399942168166154e-06,0.054467453538069505,0.04326846568445483,0.09773591922252434,4.501868098409554e-05,7.730623963198013e-08
293,0.22731779732677534,0.22426212438258203,0.003055672944193316,4.660396271062843e-06,0.0404454306538546,0.03492036424286261,0.07536579489671721,6.183702138947175e-05,1.2382308511860174e-07
294,0.22731779732677534,0.22777243945899353,0.00045464213221818595,1.5481861269539814e-06,0.049254527849845964,0.08321820439117524,0.13247273224102118,1.1686828683635875e-05,1.5816753773378878e-07
295,0.22731779732677534,0.22738042753964696,6.263021287161719e-05,1.1138679289671214e-06,0.036671387823145114,0.06269954529664708,0.0993709331197922,1.1209192607906253e-05,8.080435520696483e-08
296,0.22731779732677534,0.23001681244139383,0.0026990151146184804,1.5282175537736355e-06,0.0016138644942673142,0.03898005956604862,0.040593924060315936,3.7646460379217196e-05,1.1422966395002732e-07
297,0.22731779732677534,0.2257237289123846,0.001594068414390748,1.3469390646221258e-06,0.03208425084997246,0.08005061423034955,0.11213486508032201,1.2011777636307099e-05,1.231677515534102e-07
298,0.22731779732677534,0.23077825351216158,0.003460456185386235,3.197612750589148e-06,0.04464191136268693,0.016976569761277784,0.061618481123964716,5.1893728833662035e-05,1.7503236904303776e-07
299,0.22731779732677534,0.2256708621156097,0.0016469352111656566,3.909984216623874e-06,0.03214822894829447,0.07380918708638373,0.1059574160346782,3.690146818363518e-05,8.08392854878548e-08
300,0.22731779732677534,0.2398530206488409,0.012535223322065553,4.044303000068636e-06,0.03699213556762598,0.06578878377059598,0.10278091933822196,3.93487723802121e-05,1.20047488394448e-07
301,0.22731779732677534,0.23832774630134954,0.01100994897457419,2.263281584867422e-06,0.008640634671195385,0.023475886260629034,0.03211652093182442,7.04709451460144e-05,8.825332287187848e-08
302,0.22731779732677534,0.22849835918514003,0.0011805618583646815,1.2722069990260926e-07,0.002014447641721328,0.0031629885273754777,0.005177436169096806,2.4572142610268566e-05,1.9864685896209267e-07
303,0.22731779732677534,0.2270975636359014,0.0002202336908739555,3.6699090049280392e-06,0.07762113344395517,0.04541564911708615,0.12303678256104132,2.9827738734205885e-05,6.27126084395968e-08
304,0.22731779732677534,0.2321399536305569,0.00482215630378155,1.9452530892794156e-06,0.04662082926840129,0.019949135224478436,0.06656996449287972,2.9221182617387138e-05,1.2168145246960194e-07
305,0.22731779732677534,0.2277895494211018,0.00047175209432645526,1.9041884666387063e-06,0.08949295657747461,0.12989477599620927,0.21938773257368388,8.679557622936655e-06,4.734415881557652e-08
306,0.22731779732677534,0.22758900751621425,0.00027121018943890296,2.1355713589977155e-06,0.04537559059964304,0.06576470695782258,0.11114029755746561,1.9215094847964648e-05,1.133580909140619e-07
307,0.22731779732677534,0.2347177321587623,0.0073999348319869485,2.1191545117796627e-06,0.034389901011721596,0.02557744154473704,0.059967342556458636,3.5338476267886985e-05,1.0233709701878979e-07
308,0.22731779732677534,0.22756203874656486,0.00024424141978951486,1.3983729716919562e-06,0.06947573203781766,0.06630886991106125,0.13578460194887892,1.0298465007235686e-05,4.687680643655767e-08
309,0.22731779732677534,0.2268659748095373,0.00045182251723804856,1.806845087862072e-06,0.0991720491991032,0.09080881166202386,0.18998086086112706,9.510669020406464e-06,5.6956800165153254e-08
310,0.22731779732677534,0.229516768290387,0.0021989709636116572,3.607814903463087e-07,0.016276392078223456,0.013805652483051656,0.030082044561275112,1.1993250312870888e-05,9.641411935490396e-08
311,0.22731779732677534,0.2256495360609324,0.0016682612658429352,9.18492094047541e-07,0.023054891230748577,0.027161344228838175,0.050216235459586755,1.8290739750627646e-05,7.32386595814205e-08
312,0.22731779732677534,0.2283201653888388,0.001002368062063469,8.237079803561139e-07,0.02363359865802822,0.0017414504942038916,0.025375049152232113,3.2461335361931963e-05,9.284477897608667e-08
313,0.22731779732677534,0.22173304043503267,0.005584756891742676,4.396630176671981e-06,0.0794687364107204,0.08290115260854791,0.1623698890192683,2.7077866488842867e-05,7.495420817349441e-08
314,0.22731779732677534,0.2283329125430022,0.0010151152162268529,4.2702521601574697e-07,0.011324486292946287,0.012395878900707369,0.023720365193653656,1.8002472243976954e-05,6.427046628232347e-08
315,0.22731779732677534,0.22379340469594827,0.0035243926308270723,1.1987488553603608e-06,0.044208542277768964,0.015130589865789856,0.05933913214355882,2.0201658029986595e-05,8.556435204809532e-08
316,0.22731779732677534,0.2258111708257461,0.0015066265010292568,2.019667146770536e-06,0.02247003567905668,0.03771609642844273,0.060186132107499415,3.35570184700219e-05,7.61811804750323e-08
317,0.22731779732677534,0.22687751558149147,0.000440281745283877,1.0549694571027384e-06,0.027403756197296153,0.04089111204413265,0.0682948682414288,1.544727274929826e-05,1.0216401591378599e-07
318,0.22731779732677534,0.22333232332466488,0.003985474002110467,2.3747989905349687e-06,0.06313147941495637,0.08007390678116999,0.14320538619612636,1.658316808896121e-05,4.330263081442354e-08
319,0.22731779732677534,0.22723826828309523,7.952904368010993e-05,1.1761776171240842e-07,0.0010106295689827904,0.0015299198480757392,0.0025405494170585297,4.6296191257947385e-05,4.6005517617686564e-08
