layer,block,channel,baseline_eo,pruned_eo,delta_eo,delta_eo_abs,baseline_acc,pruned_acc,delta_acc,delta_acc_abs,phi,perf
features.11.conv.1.0,features.11,0,0.22893262511892457,0.2358220307116854,0.006889405592760828,0.006889405592760828,0.827492596248766,0.8277887462981244,0.00029615004935834577,0.00029615004935834577,6.333915081313535e-08,8.38376804646046e-08
features.11.conv.1.0,features.11,1,0.22893262511892457,0.22188927376098816,-0.007043351357936406,0.007043351357936406,0.827492596248766,0.8273445212240869,-0.00014807502467917288,0.00014807502467917288,6.711242406254314e-08,8.717708599448315e-08
features.11.conv.1.0,features.11,2,0.22893262511892457,0.22525336020365463,-0.003679264915269931,0.003679264915269931,0.827492596248766,0.8279861796643633,0.000493583415597243,0.000493583415597243,5.5502987095223943e-08,7.737835261423243e-09
features.11.conv.1.0,features.11,3,0.22893262511892457,0.22197460748486783,-0.006958017634056735,0.006958017634056735,0.827492596248766,0.8258144126357354,-0.001678183613030626,0.001678183613030626,1.6900665400498838e-07,2.3800004522733786e-08
features.11.conv.1.0,features.11,4,0.22893262511892457,0.22799663703218936,-0.0009359880867352011,0.0009359880867352011,0.827492596248766,0.8279368213228036,0.00044422507403751865,0.00044422507403751865,5.272849890047837e-08,2.577638158474116e-08
features.11.conv.1.0,features.11,5,0.22893262511892457,0.2306133975524392,0.001680772433514638,0.001680772433514638,0.827492596248766,0.8273445212240869,-0.00014807502467917288,0.00014807502467917288,9.271222012330327e-08,2.3119650638392386e-09
features.11.conv.1.0,features.11,6,0.22893262511892457,0.2310842055765902,0.0021515804576656417,0.0021515804576656417,0.827492596248766,0.8281342546890424,0.0006416584402764158,0.0006416584402764158,9.548533341785514e-08,9.856054961066008e-08
features.11.conv.1.0,features.11,7,0.22893262511892457,0.22613797070834285,-0.002794654410581715,0.002794654410581715,0.827492596248766,0.8278381046396841,0.00034550839091807006,0.00034550839091807006,2.053339898111517e-07,9.142366552694625e-08
features.11.conv.1.0,features.11,8,0.22893262511892457,0.22393449968355353,-0.004998125435371037,0.004998125435371037,0.827492596248766,0.8250246791707798,-0.0024679170779862147,0.0024679170779862147,1.107219489426825e-07,8.639277215838348e-08
features.11.conv.1.0,features.11,9,0.22893262511892457,0.24719560847483985,0.01826298335591528,0.01826298335591528,0.827492596248766,0.8264067127344521,-0.0010858835143139345,0.0010858835143139345,6.77405722626645e-08,2.0936065348031718e-07
features.11.conv.1.0,features.11,10,0.22893262511892457,0.2272405028395419,-0.001692122279382674,0.001692122279382674,0.827492596248766,0.8281836130306022,0.0006910167818361401,0.0006910167818361401,1.410370344956391e-07,1.9158508690608755e-07
features.11.conv.1.0,features.11,11,0.22893262511892457,0.23113192843437602,0.0021993033154514563,0.0021993033154514563,0.827492596248766,0.8277393879565647,0.0002467917077986215,0.0002467917077986215,1.0834673958015628e-07,4.269108788701459e-09
features.11.conv.1.0,features.11,12,0.22893262511892457,0.23227725360423718,0.003344628485312612,0.003344628485312612,0.827492596248766,0.8276900296150049,0.00019743336623889718,0.00019743336623889718,8.557716313362107e-08,1.8230412734965284e-09
features.11.conv.1.0,features.11,13,0.22893262511892457,0.22847566082055662,-0.0004569642983679456,0.0004569642983679456,0.827492596248766,0.8273938795656466,-9.871668311944859e-05,9.871668311944859e-05,3.607918586112646e-08,1.14774746651225e-09
features.11.conv.1.0,features.11,14,0.22893262511892457,0.2274466139345835,-0.0014860111843410517,0.0014860111843410517,0.827492596248766,0.8278874629812438,0.00039486673247779436,0.00039486673247779436,9.792196209446047e-08,4.283573773466998e-09
features.11.conv.1.0,features.11,15,0.22893262511892457,0.22896898107638053,3.635595745596354e-05,3.635595745596354e-05,0.827492596248766,0.8278874629812438,0.00039486673247779436,0.00039486673247779436,2.303993440477825e-08,7.491488140942693e-08
features.11.conv.1.0,features.11,16,0.22893262511892457,0.23334923362747342,0.004416608508548858,0.004416608508548858,0.827492596248766,0.8263079960513326,-0.001184600197433383,0.001184600197433383,8.914405924542734e-08,1.971929119992666e-08
features.11.conv.1.0,features.11,17,0.22893262511892457,0.22809154191892683,-0.0008410831999977331,0.0008410831999977331,0.827492596248766,0.8264067127344521,-0.0010858835143139345,0.0010858835143139345,1.877305635389348e-07,1.8030719561856756e-07
features.11.conv.1.0,features.11,18,0.22893262511892457,0.22772213610448222,-0.0012104890144423452,0.0012104890144423452,0.827492596248766,0.8275419545903258,4.9358341559724295e-05,4.9358341559724295e-05,5.324637797343712e-08,5.322725477041601e-08
features.11.conv.1.0,features.11,19,0.22893262511892457,0.22747388922697706,-0.0014587358919475046,0.0014587358919475046,0.827492596248766,0.8275419545903258,4.9358341559724295e-05,4.9358341559724295e-05,3.592025521470532e-08,6.215769121631354e-09
features.11.conv.1.0,features.11,20,0.22893262511892457,0.22298856019533564,-0.0059440649235889265,0.0059440649235889265,0.827492596248766,0.8276406712734452,0.00014807502467917288,0.00014807502467917288,5.322435114862856e-08,1.9038911780455692e-08
features.11.conv.1.0,features.11,21,0.22893262511892457,0.22125136345582844,-0.007681261663096128,0.007681261663096128,0.827492596248766,0.8274432379072063,-4.9358341559724295e-05,4.9358341559724295e-05,3.9312720190309847e-08,6.187824563852473e-08
features.11.conv.1.0,features.11,22,0.22893262511892457,0.23037543689149945,0.0014428117725748812,0.0014428117725748812,0.827492596248766,0.8270483711747285,-0.00044422507403751865,0.00044422507403751865,2.963264300603896e-08,1.5987911383685827e-08
features.11.conv.1.0,features.11,23,0.22893262511892457,0.22897674806139257,4.412294246800008e-05,4.412294246800008e-05,0.827492596248766,0.8277887462981244,0.00029615004935834577,0.00029615004935834577,2.0808279543871322e-07,2.5718636109672843e-09
features.11.conv.1.0,features.11,24,0.22893262511892457,0.2267461679772902,-0.0021864571416343737,0.0021864571416343737,0.827492596248766,0.8274432379072063,-4.9358341559724295e-05,4.9358341559724295e-05,1.1756627316117374e-07,5.375460632173201e-08
features.11.conv.1.0,features.11,25,0.22893262511892457,0.2216973102601682,-0.007235314858756364,0.007235314858756364,0.827492596248766,0.8282823297137216,0.0007897334649555887,0.0007897334649555887,1.8373498278378975e-07,2.6206436465336935e-07
features.11.conv.1.0,features.11,26,0.22893262511892457,0.22817429180426654,-0.0007583333146580218,0.0007583333146580218,0.827492596248766,0.8276900296150049,0.00019743336623889718,0.00019743336623889718,1.5385811735768584e-08,3.692443240055354e-08
features.11.conv.1.0,features.11,27,0.22893262511892457,0.22798071158566385,-0.000951913533260712,0.000951913533260712,0.827492596248766,0.8277393879565647,0.0002467917077986215,0.0002467917077986215,5.147863646470796e-08,8.278650986959235e-09
features.11.conv.1.0,features.11,28,0.22893262511892457,0.22919449581627904,0.0002618706973544771,0.0002618706973544771,0.827492596248766,0.827147087857848,-0.00034550839091807006,0.00034550839091807006,1.1925482112928876e-07,1.159043763743206e-09
features.11.conv.1.0,features.11,29,0.22893262511892457,0.22856800805109895,-0.00036461706782561776,0.00036461706782561776,0.827492596248766,0.827147087857848,-0.00034550839091807006,0.00034550839091807006,2.9132284140587217e-08,3.243990609469449e-08
features.11.conv.1.0,features.11,30,0.22893262511892457,0.22872078023318482,-0.00021184488573974813,0.00021184488573974813,0.827492596248766,0.8277887462981244,0.00029615004935834577,0.00029615004935834577,4.3706513963570615e-08,6.395941831716101e-09
features.11.conv.1.0,features.11,31,0.22893262511892457,0.2320009961944064,0.0030683710754818294,0.0030683710754818294,0.827492596248766,0.8269002961500493,-0.0005923000987166915,0.0005923000987166915,3.73702029321521e-08,1.882319882184902e-07
features.11.conv.1.0,features.11,32,0.22893262511892457,0.23074342054245667,0.0018107954235321022,0.0018107954235321022,0.827492596248766,0.827492596248766,0.0,0.0,5.359661869874799e-08,1.0583711296252574e-08
features.11.conv.1.0,features.11,33,0.22893262511892457,0.21679960938236753,-0.012133015736557035,0.012133015736557035,0.827492596248766,0.8245310957551826,-0.0029615004935834577,0.0029615004935834577,2.0024218727598964e-08,4.5065412368483493e-07
features.11.conv.1.0,features.11,34,0.22893262511892457,0.22891731271788737,-1.5312401037193002e-05,1.5312401037193002e-05,0.827492596248766,0.8264067127344521,-0.0010858835143139345,0.0010858835143139345,5.166706529280418e-08,1.5487274906966775e-08
features.11.conv.1.0,features.11,35,0.22893262511892457,0.22803283882678835,-0.0008997862921362176,0.0008997862921362176,0.827492596248766,0.8265547877591313,-0.0009378084896347616,0.0009378084896347616,1.2082246314548684e-07,2.2867180538010956e-08
features.11.conv.1.0,features.11,36,0.22893262511892457,0.22988990116995528,0.0009572760510307143,0.0009572760510307143,0.827492596248766,0.8282329713721619,0.0007403751233958644,0.0007403751233958644,8.73535057621666e-08,2.0449562820878953e-08
features.11.conv.1.0,features.11,37,0.22893262511892457,0.2344894236329794,0.005556798514054828,0.005556798514054828,0.827492596248766,0.8273938795656466,-9.871668311944859e-05,9.871668311944859e-05,4.9738194007886705e-08,8.17498588268073e-08
features.11.conv.1.0,features.11,38,0.22893262511892457,0.22679150126443673,-0.0021411238544878364,0.0021411238544878364,0.827492596248766,0.8281836130306022,0.0006910167818361401,0.0006910167818361401,6.649599981756182e-08,3.1723529914096105e-08
features.11.conv.1.0,features.11,39,0.22893262511892457,0.227879645852453,-0.0010529792664715765,0.0010529792664715765,0.827492596248766,0.827492596248766,0.0,0.0,6.448266987035822e-08,1.3373177676356818e-08
features.11.conv.1.0,features.11,40,0.22893262511892457,0.22835165760450774,-0.0005809675144168303,0.0005809675144168303,0.827492596248766,0.8275419545903258,4.9358341559724295e-05,4.9358341559724295e-05,2.3154395734081845e-08,1.967583047879362e-09
features.11.conv.1.0,features.11,41,0.22893262511892457,0.23762151703403675,0.008688891915112185,0.008688891915112185,0.827492596248766,0.8268509378084896,-0.0006416584402764158,0.0006416584402764158,3.3239583530075834e-08,2.4100546475169793e-08
features.11.conv.1.0,features.11,42,0.22893262511892457,0.2320436762907159,0.0031110511717913347,0.0031110511717913347,0.827492596248766,0.8274432379072063,-4.9358341559724295e-05,4.9358341559724295e-05,1.540131044919235e-08,4.2224474572361004e-07
features.11.conv.1.0,features.11,43,0.22893262511892457,0.23671594577046828,0.007783320651543718,0.007783320651543718,0.827492596248766,0.8267028627838104,-0.0007897334649555887,0.0007897334649555887,8.36544913340731e-08,1.7317480283107756e-08
features.11.conv.1.0,features.11,44,0.22893262511892457,0.2385110101585729,0.009578385039648335,0.009578385039648335,0.827492596248766,0.8269002961500493,-0.0005923000987166915,0.0005923000987166915,1.328728558291914e-07,5.13024356108005e-07
features.11.conv.1.0,features.11,45,0.22893262511892457,0.24049856397972896,0.011565938860804398,0.011565938860804398,0.827492596248766,0.8268509378084896,-0.0006416584402764158,0.0006416584402764158,1.1715876269136061e-07,3.645813578811996e-08
features.11.conv.1.0,features.11,46,0.22893262511892457,0.23750923939569976,0.008576614276775196,0.008576614276775196,0.827492596248766,0.8269496544916091,-0.0005429417571569672,0.0005429417571569672,5.173082939791129e-08,4.6885558879772304e-08
features.11.conv.1.0,features.11,47,0.22893262511892457,0.23245279817217068,0.0035201730532461173,0.0035201730532461173,0.827492596248766,0.8276900296150049,0.00019743336623889718,0.00019743336623889718,1.4234271361601714e-07,2.0128707978184224e-08
features.11.conv.1.0,features.11,48,0.22893262511892457,0.22967595867561802,0.000743333556693454,0.000743333556693454,0.827492596248766,0.8270483711747285,-0.00044422507403751865,0.00044422507403751865,5.7025122401910266e-08,1.864963961040189e-09
features.11.conv.1.0,features.11,49,0.22893262511892457,0.22651552983787634,-0.0024170952810482205,0.0024170952810482205,0.827492596248766,0.8276900296150049,0.00019743336623889718,0.00019743336623889718,5.7000036690624256e-08,1.6811795844340338e-09
features.11.conv.1.0,features.11,50,0.22893262511892457,0.23309113804421383,0.004158512925289265,0.004158512925289265,0.827492596248766,0.8269002961500493,-0.0005923000987166915,0.0005923000987166915,7.197462537078536e-08,2.987970384449312e-07
features.11.conv.1.0,features.11,51,0.22893262511892457,0.22034999372248637,-0.008582631396438195,0.008582631396438195,0.827492596248766,0.8273445212240869,-0.00014807502467917288,0.00014807502467917288,1.2684699868259486e-07,9.254485422438563e-08
features.11.conv.1.0,features.11,52,0.22893262511892457,0.22520030065719449,-0.00373232446173008,0.00373232446173008,0.827492596248766,0.828035538005923,0.0005429417571569672,0.0005429417571569672,3.792195002461085e-08,1.5960443910945088e-08
features.11.conv.1.0,features.11,53,0.22893262511892457,0.2291343344849331,0.0002017093660085234,0.0002017093660085234,0.827492596248766,0.8275913129318855,9.871668311944859e-05,9.871668311944859e-05,9.417663449085012e-08,4.744327763983591e-08
features.11.conv.1.0,features.11,54,0.22893262511892457,0.22880027996275729,-0.0001323451561672795,0.0001323451561672795,0.827492596248766,0.8275419545903258,4.9358341559724295e-05,4.9358341559724295e-05,1.4783466006917934e-08,3.240144187677263e-09
features.11.conv.1.0,features.11,55,0.22893262511892457,0.23119801979111723,0.0022653946721926665,0.0022653946721926665,0.827492596248766,0.8273938795656466,-9.871668311944859e-05,9.871668311944859e-05,1.51001373183135e-07,4.872611769624058e-08
features.11.conv.1.0,features.11,56,0.22893262511892457,0.23608237493627687,0.007149749817352308,0.007149749817352308,0.827492596248766,0.8266535044422507,-0.000839091806515313,0.000839091806515313,1.3246273411482434e-08,1.1572078251198548e-07
features.11.conv.1.0,features.11,57,0.22893262511892457,0.23743334702892632,0.008500721910001757,0.008500721910001757,0.827492596248766,0.8275913129318855,9.871668311944859e-05,9.871668311944859e-05,6.242630234964963e-08,8.144309404656269e-08
features.11.conv.1.0,features.11,58,0.22893262511892457,0.22668007794770173,-0.002252547171222835,0.002252547171222835,0.827492596248766,0.8275913129318855,9.871668311944859e-05,9.871668311944859e-05,9.783021681641912e-08,1.2053399389699848e-07
features.11.conv.1.0,features.11,59,0.22893262511892457,0.22986980301086465,0.0009371778919400886,0.0009371778919400886,0.827492596248766,0.8282329713721619,0.0007403751233958644,0.0007403751233958644,1.1496345564410149e-07,4.0515120369732927e-08
features.11.conv.1.0,features.11,60,0.22893262511892457,0.22593365717437228,-0.0029989679445522888,0.0029989679445522888,0.827492596248766,0.8270483711747285,-0.00044422507403751865,0.00044422507403751865,6.425135978815888e-08,2.286957601072004e-08
features.11.conv.1.0,features.11,61,0.22893262511892457,0.22535511034931258,-0.003577514769611989,0.003577514769611989,0.827492596248766,0.8279861796643633,0.000493583415597243,0.000493583415597243,8.937596618352472e-08,5.544959880143807e-09
features.11.conv.1.0,features.11,62,0.22893262511892457,0.22870506757937192,-0.0002275575395526419,0.0002275575395526419,0.827492596248766,0.8275419545903258,4.9358341559724295e-05,4.9358341559724295e-05,1.4089042110754235e-07,8.226699055313702e-08
features.11.conv.1.0,features.11,63,0.22893262511892457,0.22877032648113746,-0.00016229863778710607,0.00016229863778710607,0.827492596248766,0.8269496544916091,-0.0005429417571569672,0.0005429417571569672,6.312519218454327e-08,1.3387191910574359e-07
features.11.conv.1.0,features.11,64,0.22893262511892457,0.23381646094862746,0.004883835829702893,0.004883835829702893,0.827492596248766,0.8272458045409674,-0.0002467917077986215,0.0002467917077986215,7.863651063644284e-08,3.9159136266953e-08
features.11.conv.1.0,features.11,65,0.22893262511892457,0.22586802171005654,-0.003064603408868022,0.003064603408868022,0.827492596248766,0.8272458045409674,-0.0002467917077986215,0.0002467917077986215,3.641533297127353e-08,7.062499274290701e-08
features.11.conv.1.0,features.11,66,0.22893262511892457,0.2236655453918651,-0.005267079727059476,0.005267079727059476,0.827492596248766,0.8273938795656466,-9.871668311944859e-05,9.871668311944859e-05,1.8557055625478824e-07,5.086009996491114e-08
features.11.conv.1.0,features.11,67,0.22893262511892457,0.22188711669182873,-0.007045508427095837,0.007045508427095837,0.827492596248766,0.8277887462981244,0.00029615004935834577,0.00029615004935834577,5.7082885973613884e-08,6.152510267920519e-08
features.11.conv.1.0,features.11,68,0.22893262511892457,0.225458898501449,-0.0034737266174755532,0.0034737266174755532,0.827492596248766,0.8271964461994077,-0.00029615004935834577,0.00029615004935834577,9.988690408135881e-08,3.072607651644077e-08
features.11.conv.1.0,features.11,69,0.22893262511892457,0.23704511767279618,0.008112492553871614,0.008112492553871614,0.827492596248766,0.8265547877591313,-0.0009378084896347616,0.0009378084896347616,1.9761630198900093e-07,6.595795332131615e-08
features.11.conv.1.0,features.11,70,0.22893262511892457,0.2249971756012761,-0.003935449517648459,0.003935449517648459,0.827492596248766,0.8286278381046397,0.0011352418558736588,0.0011352418558736588,5.584648832268613e-08,9.036430104192306e-09
features.11.conv.1.0,features.11,71,0.22893262511892457,0.2282436051866227,-0.0006890199323018598,0.0006890199323018598,0.827492596248766,0.8264560710760118,-0.0010365251727542102,0.0010365251727542102,1.59108154207388e-07,2.7652398371103004e-08
features.11.conv.1.0,features.11,72,0.22893262511892457,0.22773418874441187,-0.0011984363745126958,0.0011984363745126958,0.827492596248766,0.8263079960513326,-0.001184600197433383,0.001184600197433383,1.7583616340743902e-07,4.061571265978614e-07
features.11.conv.1.0,features.11,73,0.22893262511892457,0.22936312075077891,0.0004304956318543496,0.0004304956318543496,0.827492596248766,0.8275419545903258,4.9358341559724295e-05,4.9358341559724295e-05,1.6982907879992126e-07,3.403855697303726e-09
features.11.conv.1.0,features.11,74,0.22893262511892457,0.23134991398036447,0.002417288861439909,0.002417288861439909,0.827492596248766,0.8277887462981244,0.00029615004935834577,0.00029615004935834577,1.7007451447170752e-07,8.361453585070677e-09
features.11.conv.1.0,features.11,75,0.22893262511892457,0.2341518856228501,0.0052192605039255435,0.0052192605039255435,0.827492596248766,0.826604146100691,-0.0008884501480750373,0.0008884501480750373,6.722390111235654e-08,3.552788763183656e-08
features.11.conv.1.0,features.11,76,0.22893262511892457,0.22868575633739385,-0.00024686878153071246,0.00024686878153071246,0.827492596248766,0.8277887462981244,0.00029615004935834577,0.00029615004935834577,2.700920909148863e-08,3.755451727371906e-09
features.11.conv.1.0,features.11,77,0.22893262511892457,0.22958620121288148,0.0006535760939569146,0.0006535760939569146,0.827492596248766,0.8278381046396841,0.00034550839091807006,0.00034550839091807006,6.120898632389071e-08,1.0757123691806925e-08
features.11.conv.1.0,features.11,78,0.22893262511892457,0.21632584548289632,-0.012606779636028242,0.012606779636028242,0.827492596248766,0.8213228035538006,-0.006169792694965426,0.006169792694965426,1.6882144393548515e-07,5.254463397719178e-08
features.11.conv.1.0,features.11,79,0.22893262511892457,0.23239393562591282,0.003461310506988252,0.003461310506988252,0.827492596248766,0.8268015794669299,-0.0006910167818361401,0.0006910167818361401,9.49571710151531e-09,3.1033033698335544e-08
features.11.conv.1.0,features.11,80,0.22893262511892457,0.23142145098667427,0.0024888258677497055,0.0024888258677497055,0.827492596248766,0.8274432379072063,-4.9358341559724295e-05,4.9358341559724295e-05,6.13116171166439e-08,1.3782273267093359e-08
features.11.conv.1.0,features.11,81,0.22893262511892457,0.22663389116965948,-0.0022987339492650805,0.0022987339492650805,0.827492596248766,0.8274432379072063,-4.9358341559724295e-05,4.9358341559724295e-05,6.549633724262094e-08,2.53694357188472e-08
features.11.conv.1.0,features.11,82,0.22893262511892457,0.22986152847523578,0.0009289033563112115,0.0009289033563112115,0.827492596248766,0.8271964461994077,-0.00029615004935834577,0.00029615004935834577,1.7950126718346837e-08,1.4201155584814273e-08
features.11.conv.1.0,features.11,83,0.22893262511892457,0.22825367114400533,-0.0006789539749192386,0.0006789539749192386,0.827492596248766,0.8272951628825271,-0.00019743336623889718,0.00019743336623889718,1.2304188601319765e-07,1.0258491833781136e-09
features.11.conv.1.0,features.11,84,0.22893262511892457,0.2377609644715363,0.008828339352611736,0.008828339352611736,0.827492596248766,0.8263079960513326,-0.001184600197433383,0.001184600197433383,8.334929191278206e-08,1.0561525920493864e-07
features.11.conv.1.0,features.11,85,0.22893262511892457,0.2276217827706733,-0.0013108423482512677,0.0013108423482512677,0.827492596248766,0.8273938795656466,-9.871668311944859e-05,9.871668311944859e-05,7.57170894871706e-08,1.5071132619670635e-08
features.11.conv.1.0,features.11,86,0.22893262511892457,0.22940902154555062,0.00047639642662605786,0.00047639642662605786,0.827492596248766,0.8273938795656466,-9.871668311944859e-05,9.871668311944859e-05,1.5651002627237176e-07,4.546349074985301e-09
features.11.conv.1.0,features.11,87,0.22893262511892457,0.23184268114770848,0.002910056028783914,0.002910056028783914,0.827492596248766,0.827147087857848,-0.00034550839091807006,0.00034550839091807006,1.3628901740503352e-07,1.5866653546581233e-09
features.11.conv.1.0,features.11,88,0.22893262511892457,0.22880727013244334,-0.00012535498648122423,0.00012535498648122423,0.827492596248766,0.8278874629812438,0.00039486673247779436,0.00039486673247779436,5.436119110413529e-08,1.706854280136838e-08
features.11.conv.1.0,features.11,89,0.22893262511892457,0.22398987639293616,-0.004942748725988405,0.004942748725988405,0.827492596248766,0.8275419545903258,4.9358341559724295e-05,4.9358341559724295e-05,7.135368207400461e-08,6.026429510974651e-08
features.11.conv.1.0,features.11,90,0.22893262511892457,0.22770405441950364,-0.0012285706994209222,0.0012285706994209222,0.827492596248766,0.8276900296150049,0.00019743336623889718,0.00019743336623889718,3.7273323982844886e-08,1.7334676444269448e-08
features.11.conv.1.0,features.11,91,0.22893262511892457,0.2315291289998683,0.0025965038809437346,0.0025965038809437346,0.827492596248766,0.8278381046396841,0.00034550839091807006,0.00034550839091807006,7.38303853609068e-08,4.76354062861617e-08
features.11.conv.1.0,features.11,92,0.22893262511892457,0.23196896530776237,0.003036340188837805,0.003036340188837805,0.827492596248766,0.8262092793682132,-0.0012833168805528317,0.0012833168805528317,6.763242055285446e-08,2.3211231159336876e-08
features.11.conv.1.0,features.11,93,0.22893262511892457,0.22503897108797216,-0.0038936540309524037,0.0038936540309524037,0.827492596248766,0.8277393879565647,0.0002467917077986215,0.0002467917077986215,1.0326593979925747e-07,8.759488601128851e-08
features.11.conv.1.0,features.11,94,0.22893262511892457,0.2305697278480912,0.0016371027291666451,0.0016371027291666451,0.827492596248766,0.8272951628825271,-0.00019743336623889718,0.00019743336623889718,7.363365028822955e-08,2.694700285132967e-08
features.11.conv.1.0,features.11,95,0.22893262511892457,0.2355693019635544,0.006636676844629846,0.006636676844629846,0.827492596248766,0.8266535044422507,-0.000839091806515313,0.000839091806515313,3.128088508219662e-07,1.8767216625192873e-07
features.11.conv.1.0,features.11,96,0.22893262511892457,0.22630114985007677,-0.0026314752688477994,0.0026314752688477994,0.827492596248766,0.8261599210266535,-0.001332675222112556,0.001332675222112556,3.67465524675481e-08,5.3928957965965196e-08
features.11.conv.1.0,features.11,97,0.22893262511892457,0.2405442996775103,0.011611674558585722,0.011611674558585722,0.827492596248766,0.8264560710760118,-0.0010365251727542102,0.0010365251727542102,8.460649780772656e-08,2.7962800963621248e-08
features.11.conv.1.0,features.11,98,0.22893262511892457,0.2245869826430374,-0.004345642475887174,0.004345642475887174,0.827492596248766,0.8275419545903258,4.9358341559724295e-05,4.9358341559724295e-05,1.0956065921163827e-07,9.677578449718283e-08
features.11.conv.1.0,features.11,99,0.22893262511892457,0.2243277936199211,-0.004604831499003453,0.004604831499003453,0.827492596248766,0.8283316880552813,0.000839091806515313,0.000839091806515313,6.276066244481626e-08,3.806051451782366e-08
features.11.conv.1.0,features.11,100,0.22893262511892457,0.23057207368547766,0.0016394485665530978,0.0016394485665530978,0.827492596248766,0.828035538005923,0.0005429417571569672,0.0005429417571569672,7.894863074398017e-08,5.360390087361111e-08
features.11.conv.1.0,features.11,101,0.22893262511892457,0.22606183839260835,-0.0028707867263162157,0.0028707867263162157,0.827492596248766,0.8280848963474827,0.0005923000987166915,0.0005923000987166915,1.8832167825166835e-08,1.0179050341507789e-07
features.11.conv.1.0,features.11,102,0.22893262511892457,0.23196616025512495,0.003033535136200388,0.003033535136200388,0.827492596248766,0.8260118460019743,-0.0014807502467917288,0.0014807502467917288,1.3131256082488107e-07,7.455853046067773e-09
features.11.conv.1.0,features.11,103,0.22893262511892457,0.23280425990811868,0.0038716347891941116,0.0038716347891941116,0.827492596248766,0.8265054294175715,-0.000987166831194486,0.000987166831194486,1.6474409392230882e-07,8.865507772348735e-09
features.11.conv.1.0,features.11,104,0.22893262511892457,0.22591801854182364,-0.0030146065771009256,0.0030146065771009256,0.827492596248766,0.8270483711747285,-0.00044422507403751865,0.00044422507403751865,6.193351964611793e-08,2.8033689702944287e-08
features.11.conv.1.0,features.11,105,0.22893262511892457,0.22932708009070105,0.00039445497177648114,0.00039445497177648114,0.827492596248766,0.8275913129318855,9.871668311944859e-05,9.871668311944859e-05,6.533777963113607e-08,3.7011423370536534e-09
features.11.conv.1.0,features.11,106,0.22893262511892457,0.23061453520300626,0.0016819100840816947,0.0016819100840816947,0.827492596248766,0.8273445212240869,-0.00014807502467917288,0.00014807502467917288,1.326620520103461e-07,3.832402561965154e-09
features.11.conv.1.0,features.11,107,0.22893262511892457,0.22491966421566348,-0.004012960903261087,0.004012960903261087,0.827492596248766,0.826604146100691,-0.0008884501480750373,0.0008884501480750373,1.683466024360314e-07,8.797931627668731e-08
features.11.conv.1.0,features.11,108,0.22893262511892457,0.22798227316024322,-0.0009503519586813447,0.0009503519586813447,0.827492596248766,0.8278381046396841,0.00034550839091807006,0.00034550839091807006,1.2315356912040443e-07,5.8386945056554396e-08
features.11.conv.1.0,features.11,109,0.22893262511892457,0.22878755467522038,-0.00014507044370418165,0.00014507044370418165,0.827492596248766,0.8273938795656466,-9.871668311944859e-05,9.871668311944859e-05,1.6334125518824294e-07,1.4419522520459083e-09
features.11.conv.1.0,features.11,110,0.22893262511892457,0.2249907039163403,-0.00394192120258427,0.00394192120258427,0.827492596248766,0.8278874629812438,0.00039486673247779436,0.00039486673247779436,1.4734439446328906e-07,1.494485141195767e-08
features.11.conv.1.0,features.11,111,0.22893262511892457,0.23068280945800265,0.001750184339078087,0.001750184339078087,0.827492596248766,0.8271964461994077,-0.00029615004935834577,0.00029615004935834577,1.298718785847086e-07,1.333297466876715e-08
features.11.conv.1.0,features.11,112,0.22893262511892457,0.2216101788320201,-0.007322446286904455,0.007322446286904455,0.827492596248766,0.8288252714708786,0.001332675222112556,0.001332675222112556,1.725470468727508e-07,3.5289741573407696e-07
features.11.conv.1.0,features.11,113,0.22893262511892457,0.2132511432985372,-0.015681481820387366,0.015681481820387366,0.827492596248766,0.8227541954590326,-0.004738400789733421,0.004738400789733421,6.142055752889064e-08,7.018967129734932e-08
features.11.conv.1.0,features.11,114,0.22893262511892457,0.22965314340621285,0.0007205182872882798,0.0007205182872882798,0.827492596248766,0.8272951628825271,-0.00019743336623889718,0.00019743336623889718,3.122341638572834e-07,3.982550657033457e-07
features.11.conv.1.0,features.11,115,0.22893262511892457,0.22393630450104313,-0.004996320617881439,0.004996320617881439,0.827492596248766,0.8270977295162882,-0.00039486673247779436,0.00039486673247779436,2.935521514757511e-08,8.663534617481261e-08
features.11.conv.1.0,features.11,116,0.22893262511892457,0.23973785551357688,0.01080523039465231,0.01080523039465231,0.827492596248766,0.8261599210266535,-0.001332675222112556,0.001332675222112556,1.3002231469272374e-07,1.9149048524624845e-07
features.11.conv.1.0,features.11,117,0.22893262511892457,0.2405871347690236,0.011654509650099037,0.011654509650099037,0.827492596248766,0.8265547877591313,-0.0009378084896347616,0.0009378084896347616,1.1828066703856166e-07,9.907691222998949e-09
features.11.conv.1.0,features.11,118,0.22893262511892457,0.2261651251144563,-0.002767500004468265,0.002767500004468265,0.827492596248766,0.8274432379072063,-4.9358341559724295e-05,4.9358341559724295e-05,7.671917501284042e-08,3.64196597324451e-08
features.11.conv.1.0,features.11,119,0.22893262511892457,0.21638359400195845,-0.01254903111696612,0.01254903111696612,0.827492596248766,0.8272951628825271,-0.00019743336623889718,0.00019743336623889718,1.572261432158939e-08,2.7960643772528826e-08
features.11.conv.1.0,features.11,120,0.22893262511892457,0.22799718134603542,-0.0009354437728891496,0.0009354437728891496,0.827492596248766,0.8281836130306022,0.0006910167818361401,0.0006910167818361401,1.8190938533280132e-08,6.8531200436705575e-09
features.11.conv.1.0,features.11,121,0.22893262511892457,0.2376300497570439,0.008697424638119344,0.008697424638119344,0.827492596248766,0.8257650542941757,-0.0017275419545903503,0.0017275419545903503,1.8545676994108362e-07,3.4105542612294926e-08
features.11.conv.1.0,features.11,122,0.22893262511892457,0.22873300674473876,-0.00019961837418580597,0.00019961837418580597,0.827492596248766,0.8276900296150049,0.00019743336623889718,0.00019743336623889718,2.6250791052007116e-07,1.2375886759841137e-08
features.11.conv.1.0,features.11,123,0.22893262511892457,0.22968444865826498,0.0007518235393404182,0.0007518235393404182,0.827492596248766,0.8276406712734452,0.00014807502467917288,0.00014807502467917288,7.227606602100423e-08,9.840061010457646e-08
features.11.conv.1.0,features.11,124,0.22893262511892457,0.23443418550398237,0.005501560385057808,0.005501560385057808,0.827492596248766,0.8266535044422507,-0.000839091806515313,0.000839091806515313,4.674146225625009e-08,9.107941985053714e-07
features.11.conv.1.0,features.11,125,0.22893262511892457,0.23312702983105676,0.004194404712132199,0.004194404712132199,0.827492596248766,0.8264560710760118,-0.0010365251727542102,0.0010365251727542102,2.2959472545380777e-08,2.3948260458039883e-08
features.11.conv.1.0,features.11,126,0.22893262511892457,0.22947418455942553,0.000541559440500966,0.000541559440500966,0.827492596248766,0.827492596248766,0.0,0.0,9.472709905367083e-08,2.1012585005308893e-08
features.11.conv.1.0,features.11,127,0.22893262511892457,0.23019638696898598,0.0012637618500614123,0.0012637618500614123,0.827492596248766,0.8272458045409674,-0.0002467917077986215,0.0002467917077986215,2.9052579009203328e-08,1.9781290772069582e-08
features.11.conv.1.0,features.11,128,0.22893262511892457,0.23059434596818953,0.0016617208492649693,0.0016617208492649693,0.827492596248766,0.8273445212240869,-0.00014807502467917288,0.00014807502467917288,1.6797100599319492e-08,1.836448965120141e-09
features.11.conv.1.0,features.11,129,0.22893262511892457,0.22889059086722288,-4.203425170168362e-05,4.203425170168362e-05,0.827492596248766,0.825715695952616,-0.0017769002961500746,0.0017769002961500746,1.3839834878126567e-07,3.001272552705103e-08
features.11.conv.1.0,features.11,130,0.22893262511892457,0.2312818104652295,0.002349185346304933,0.002349185346304933,0.827492596248766,0.8273938795656466,-9.871668311944859e-05,9.871668311944859e-05,2.33173224728489e-07,8.39983447242787e-08
features.11.conv.1.0,features.11,131,0.22893262511892457,0.22972072314697548,0.0007880980280509098,0.0007880980280509098,0.827492596248766,0.8267028627838104,-0.0007897334649555887,0.0007897334649555887,8.026525932791628e-08,5.142863646057094e-08
features.11.conv.1.0,features.11,132,0.22893262511892457,0.22881532741644414,-0.00011729770248042337,0.00011729770248042337,0.827492596248766,0.827492596248766,0.0,0.0,9.527507671691637e-09,1.9129666600781192e-09
features.11.conv.1.0,features.11,133,0.22893262511892457,0.23507060825582712,0.006137983136902558,0.006137983136902558,0.827492596248766,0.8267028627838104,-0.0007897334649555887,0.0007897334649555887,1.761178403114627e-08,6.252902529091386e-08
features.11.conv.1.0,features.11,134,0.22893262511892457,0.23208234563968783,0.0031497205207632606,0.0031497205207632606,0.827492596248766,0.8267522211253702,-0.0007403751233958644,0.0007403751233958644,1.6743604192015482e-07,7.379237276783357e-09
features.11.conv.1.0,features.11,135,0.22893262511892457,0.22882302170734456,-0.00010960341158000597,0.00010960341158000597,0.827492596248766,0.8269496544916091,-0.0005429417571569672,0.0005429417571569672,5.994004226295147e-08,1.8968046022749263e-07
features.11.conv.1.0,features.11,136,0.22893262511892457,0.226916523899078,-0.0020161012198465778,0.0020161012198465778,0.827492596248766,0.8275913129318855,9.871668311944859e-05,9.871668311944859e-05,2.918410757501988e-08,1.3836533446776045e-08
features.11.conv.1.0,features.11,137,0.22893262511892457,0.22978029991623444,0.0008476747973098775,0.0008476747973098775,0.827492596248766,0.8273938795656466,-9.871668311944859e-05,9.871668311944859e-05,1.429491902626978e-07,2.7989152995289146e-08
features.11.conv.1.0,features.11,138,0.22893262511892457,0.22599731076830562,-0.002935314350618945,0.002935314350618945,0.827492596248766,0.8282329713721619,0.0007403751233958644,0.0007403751233958644,9.067147743735404e-08,4.580977552848253e-08
features.11.conv.1.0,features.11,139,0.22893262511892457,0.22258040939710744,-0.006352215721817128,0.006352215721817128,0.827492596248766,0.8252714708785784,-0.0022211253701875933,0.0022211253701875933,9.01647254636373e-08,9.417006885392709e-08
features.11.conv.1.0,features.11,140,0.22893262511892457,0.22502463785728646,-0.003907987261638102,0.003907987261638102,0.827492596248766,0.8275913129318855,9.871668311944859e-05,9.871668311944859e-05,1.474292048442294e-07,2.7066165142475285e-09
features.11.conv.1.0,features.11,141,0.22893262511892457,0.2299964349158075,0.0010638097968829474,0.0010638097968829474,0.827492596248766,0.8274432379072063,-4.9358341559724295e-05,4.9358341559724295e-05,1.0307202558124118e-07,1.8585037953045003e-09
features.11.conv.1.0,features.11,142,0.22893262511892457,0.23378179921523037,0.004849174096305808,0.004849174096305808,0.827492596248766,0.827492596248766,0.0,0.0,1.8449047445301403e-07,4.8301809441042565e-08
features.11.conv.1.0,features.11,143,0.22893262511892457,0.2269861442816357,-0.0019464808372888776,0.0019464808372888776,0.827492596248766,0.8279861796643633,0.000493583415597243,0.000493583415597243,4.5470368803535166e-08,1.87097393411495e-08
features.11.conv.1.0,features.11,144,0.22893262511892457,0.231487021700806,0.0025543965818814462,0.0025543965818814462,0.827492596248766,0.8277887462981244,0.00029615004935834577,0.00029615004935834577,1.1135633570802383e-07,5.001424108197483e-09
features.11.conv.1.0,features.11,145,0.22893262511892457,0.22993591490707957,0.001003289788155004,0.001003289788155004,0.827492596248766,0.827147087857848,-0.00034550839091807006,0.00034550839091807006,4.1358219959874987e-08,8.350295477299596e-08
features.11.conv.1.0,features.11,146,0.22893262511892457,0.24030140654314125,0.011368781424216684,0.011368781424216684,0.827492596248766,0.8265547877591313,-0.0009378084896347616,0.0009378084896347616,1.997444343260213e-07,2.3572146679029515e-07
features.11.conv.1.0,features.11,147,0.22893262511892457,0.22633664633950604,-0.0025959787794185285,0.0025959787794185285,0.827492596248766,0.8279368213228036,0.00044422507403751865,0.00044422507403751865,3.909573464966343e-08,4.711211087915501e-09
features.11.conv.1.0,features.11,148,0.22893262511892457,0.22964847839124217,0.0007158532723176014,0.0007158532723176014,0.827492596248766,0.8263573543928924,-0.0011352418558736588,0.0011352418558736588,8.427409881051062e-08,7.362483644968165e-08
features.11.conv.1.0,features.11,149,0.22893262511892457,0.22685859002994652,-0.002074035088978049,0.002074035088978049,0.827492596248766,0.8262586377097729,-0.0012339585389931074,0.0012339585389931074,1.0997344190855074e-07,1.2123195691771116e-07
features.11.conv.1.0,features.11,150,0.22893262511892457,0.23152356113686687,0.0025909360179423024,0.0025909360179423024,0.827492596248766,0.8279861796643633,0.000493583415597243,0.000493583415597243,1.5307162470890034e-07,7.977979554762982e-09
features.11.conv.1.0,features.11,151,0.22893262511892457,0.2226373523310477,-0.0062952727878768655,0.0062952727878768655,0.827492596248766,0.8272951628825271,-0.00019743336623889718,0.00019743336623889718,6.051707401866224e-08,2.4963835776325993e-08
features.11.conv.1.0,features.11,152,0.22893262511892457,0.22917134421357577,0.0002387190946512019,0.0002387190946512019,0.827492596248766,0.8277887462981244,0.00029615004935834577,0.00029615004935834577,8.907153414838831e-08,2.1536776251274148e-09
features.11.conv.1.0,features.11,153,0.22893262511892457,0.2257952506688427,-0.003137374450081859,0.003137374450081859,0.827492596248766,0.8283810463968411,0.0008884501480750373,0.0008884501480750373,1.1932809229620034e-07,4.8934489238483536e-08
features.11.conv.1.0,features.11,154,0.22893262511892457,0.23256552027399377,0.0036328951550692046,0.0036328951550692046,0.827492596248766,0.8269496544916091,-0.0005429417571569672,0.0005429417571569672,5.775286737730312e-08,8.358337355574008e-09
features.11.conv.1.0,features.11,155,0.22893262511892457,0.23084520182582138,0.001912576706896818,0.001912576706896818,0.827492596248766,0.8273445212240869,-0.00014807502467917288,0.00014807502467917288,3.569466500152885e-08,5.168300309943419e-08
features.11.conv.1.0,features.11,156,0.22893262511892457,0.22890413948185254,-2.848563707202878e-05,2.848563707202878e-05,0.827492596248766,0.8273938795656466,-9.871668311944859e-05,9.871668311944859e-05,2.385648656400008e-08,5.920250972790697e-08
features.11.conv.1.0,features.11,157,0.22893262511892457,0.22806163494907383,-0.0008709901698507327,0.0008709901698507327,0.827492596248766,0.8277887462981244,0.00029615004935834577,0.00029615004935834577,8.501613990574697e-08,7.3525466964818875e-09
features.11.conv.1.0,features.11,158,0.22893262511892457,0.23077299746152638,0.0018403723426018148,0.0018403723426018148,0.827492596248766,0.8276900296150049,0.00019743336623889718,0.00019743336623889718,9.304588388658885e-08,4.40851410932197e-09
features.11.conv.1.0,features.11,159,0.22893262511892457,0.2302436815870412,0.0013110564681166337,0.0013110564681166337,0.827492596248766,0.8273445212240869,-0.00014807502467917288,0.00014807502467917288,1.729033840547345e-07,1.1274544131634201e-07
features.11.conv.1.0,features.11,160,0.22893262511892457,0.23245142140334907,0.0035187962844245024,0.0035187962844245024,0.827492596248766,0.8271964461994077,-0.00029615004935834577,0.00029615004935834577,4.167880618410891e-08,2.6940226188765237e-08
features.11.conv.1.0,features.11,161,0.22893262511892457,0.22243960636990365,-0.006493018749020918,0.006493018749020918,0.827492596248766,0.8265547877591313,-0.0009378084896347616,0.0009378084896347616,1.5511857043293276e-07,1.2003970417673315e-07
features.11.conv.1.0,features.11,162,0.22893262511892457,0.22947409215654666,0.0005414670376220898,0.0005414670376220898,0.827492596248766,0.8276900296150049,0.00019743336623889718,0.00019743336623889718,6.094853688409785e-08,1.7582446554254005e-08
features.11.conv.1.0,features.11,163,0.22893262511892457,0.24120712815193512,0.012274503033010559,0.012274503033010559,0.827492596248766,0.8268509378084896,-0.0006416584402764158,0.0006416584402764158,3.0189957556103764e-07,8.8273787834936e-08
features.11.conv.1.0,features.11,164,0.22893262511892457,0.22875075425427832,-0.00018187086464624413,0.00018187086464624413,0.827492596248766,0.8276406712734452,0.00014807502467917288,0.00014807502467917288,4.063452507807597e-08,4.864958519368301e-09
features.11.conv.1.0,features.11,165,0.22893262511892457,0.23469695919256486,0.005764334073640298,0.005764334073640298,0.827492596248766,0.8272951628825271,-0.00019743336623889718,0.00019743336623889718,5.784844958611757e-08,1.8662058931528946e-07
features.11.conv.1.0,features.11,166,0.22893262511892457,0.22991354493186683,0.0009809198129422658,0.0009809198129422658,0.827492596248766,0.8266535044422507,-0.000839091806515313,0.000839091806515313,1.1321814952225395e-07,4.340118331391807e-08
features.11.conv.1.0,features.11,167,0.22893262511892457,0.23426892847976694,0.0053363033608423704,0.0053363033608423704,0.827492596248766,0.8261599210266535,-0.001332675222112556,0.001332675222112556,4.582906854011526e-08,1.5079218484981283e-07
features.11.conv.1.0,features.11,168,0.22893262511892457,0.22668886650916528,-0.002243758609759283,0.002243758609759283,0.827492596248766,0.8267522211253702,-0.0007403751233958644,0.0007403751233958644,8.878825497049547e-08,5.40705471507863e-08
features.11.conv.1.0,features.11,169,0.22893262511892457,0.22398309818525625,-0.004949526933668319,0.004949526933668319,0.827492596248766,0.8272458045409674,-0.0002467917077986215,0.0002467917077986215,3.011914202488697e-07,5.273924630344595e-09
features.11.conv.1.0,features.11,170,0.22893262511892457,0.22525252774867904,-0.003680097370245522,0.003680097370245522,0.827492596248766,0.8277393879565647,0.0002467917077986215,0.0002467917077986215,8.036793275323362e-08,3.4456075992395085e-08
features.11.conv.1.0,features.11,171,0.22893262511892457,0.22273639810513463,-0.00619622701378994,0.00619622701378994,0.827492596248766,0.8278874629812438,0.00039486673247779436,0.00039486673247779436,2.3457141651306301e-07,2.9144166191485965e-07
features.11.conv.1.0,features.11,172,0.22893262511892457,0.21361818086465734,-0.015314444254267229,0.015314444254267229,0.827492596248766,0.826061204343534,-0.0014313919052320045,0.0014313919052320045,1.657971182567053e-07,2.1539958305893947e-07
features.11.conv.1.0,features.11,173,0.22893262511892457,0.22677519792820833,-0.002157427190716238,0.002157427190716238,0.827492596248766,0.8277887462981244,0.00029615004935834577,0.00029615004935834577,1.4088499256104114e-07,1.95937316371797e-08
features.11.conv.1.0,features.11,174,0.22893262511892457,0.2293527903235033,0.00042016520457874296,0.00042016520457874296,0.827492596248766,0.8276406712734452,0.00014807502467917288,0.00014807502467917288,1.2042583819038555e-07,1.2546665928425682e-09
features.11.conv.1.0,features.11,175,0.22893262511892457,0.2292176242252032,0.0002849991062786328,0.0002849991062786328,0.827492596248766,0.8276406712734452,0.00014807502467917288,0.00014807502467917288,5.674451486470389e-08,1.5405649256283738e-08
features.11.conv.1.0,features.11,176,0.22893262511892457,0.2280980276887479,-0.0008345974301766645,0.0008345974301766645,0.827492596248766,0.8251233958538993,-0.002369200394866766,0.002369200394866766,1.0361445390572044e-07,2.3447932340214805e-07
features.11.conv.1.0,features.11,177,0.22893262511892457,0.226073306470451,-0.002859318648473552,0.002859318648473552,0.827492596248766,0.8279861796643633,0.000493583415597243,0.000493583415597243,1.061970920090971e-07,3.921434016396219e-08
features.11.conv.1.0,features.11,178,0.22893262511892457,0.23240267649165422,0.0034700513727296545,0.0034700513727296545,0.827492596248766,0.8262586377097729,-0.0012339585389931074,0.0012339585389931074,8.61745803604208e-08,1.1903544105962283e-07
features.11.conv.1.0,features.11,179,0.22893262511892457,0.23038839997013832,0.0014557748512137592,0.0014557748512137592,0.827492596248766,0.8278874629812438,0.00039486673247779436,0.00039486673247779436,2.6205174918914054e-08,6.916126782385845e-09
features.11.conv.1.0,features.11,180,0.22893262511892457,0.22197545915216443,-0.0069571659667601315,0.0069571659667601315,0.827492596248766,0.8255182625863771,-0.001974333662388972,0.001974333662388972,9.579029125461602e-08,4.353494942321845e-08
features.11.conv.1.0,features.11,181,0.22893262511892457,0.21667840073504407,-0.012254224383880491,0.012254224383880491,0.827492596248766,0.8283316880552813,0.000839091806515313,0.000839091806515313,5.666939628667933e-08,1.0521595461554512e-07
features.11.conv.1.0,features.11,182,0.22893262511892457,0.2308328054051124,0.0019001802861878248,0.0019001802861878248,0.827492596248766,0.8278874629812438,0.00039486673247779436,0.00039486673247779436,7.494667642049535e-08,1.8361453468784816e-09
features.11.conv.1.0,features.11,183,0.22893262511892457,0.23073583836320238,0.0018032132442778182,0.0018032132442778182,0.827492596248766,0.8271964461994077,-0.00029615004935834577,0.00029615004935834577,1.453674229878743e-07,3.8767744126033676e-08
features.11.conv.1.0,features.11,184,0.22893262511892457,0.229697219483665,0.0007645943647404396,0.0007645943647404396,0.827492596248766,0.8277887462981244,0.00029615004935834577,0.00029615004935834577,4.361917760320466e-08,6.517229381164391e-09
features.11.conv.1.0,features.11,185,0.22893262511892457,0.23055045552720146,0.001617830408276899,0.001617830408276899,0.827492596248766,0.8263573543928924,-0.0011352418558736588,0.0011352418558736588,8.123395645043274e-08,2.482162511086017e-07
features.11.conv.1.0,features.11,186,0.22893262511892457,0.22802947886043148,-0.0009031462584930816,0.0009031462584930816,0.827492596248766,0.8276406712734452,0.00014807502467917288,0.00014807502467917288,2.859642300734322e-08,5.409061143435423e-09
features.11.conv.1.0,features.11,187,0.22893262511892457,0.2210894011323505,-0.007843223986574055,0.007843223986574055,0.827492596248766,0.8286771964461994,0.001184600197433383,0.001184600197433383,7.561558845736727e-08,4.443077483706759e-08
features.11.conv.1.0,features.11,188,0.22893262511892457,0.24176385941741482,0.012831234298490257,0.012831234298490257,0.827492596248766,0.8263573543928924,-0.0011352418558736588,0.0011352418558736588,9.90940449696609e-08,5.59133661592881e-08
features.11.conv.1.0,features.11,189,0.22893262511892457,0.22972158143104687,0.0007889563121223075,0.0007889563121223075,0.827492596248766,0.8275913129318855,9.871668311944859e-05,9.871668311944859e-05,5.847499195965611e-08,1.915587011236397e-08
features.11.conv.1.0,features.11,190,0.22893262511892457,0.22553290355857802,-0.0033997215603465414,0.0033997215603465414,0.827492596248766,0.8274432379072063,-4.9358341559724295e-05,4.9358341559724295e-05,1.7141420016741904e-07,8.07203202057849e-08
features.11.conv.1.0,features.11,191,0.22893262511892457,0.24037939469491315,0.011446769575988586,0.011446769575988586,0.827492596248766,0.8276900296150049,0.00019743336623889718,0.00019743336623889718,1.2604331800503132e-07,2.8889025216471964e-07
features.11.conv.1.0,features.11,192,0.22893262511892457,0.22853040233142977,-0.00040222278749479923,0.00040222278749479923,0.827492596248766,0.8275913129318855,9.871668311944859e-05,9.871668311944859e-05,7.205593277603839e-08,2.499196238847645e-09
features.11.conv.1.0,features.11,193,0.22893262511892457,0.23548566893895134,0.006553043820026777,0.006553043820026777,0.827492596248766,0.8258144126357354,-0.001678183613030626,0.001678183613030626,5.5215064520552914e-08,2.0163814840046257e-08
features.11.conv.1.0,features.11,194,0.22893262511892457,0.23216433395955322,0.00323170884062865,0.00323170884062865,0.827492596248766,0.8263573543928924,-0.0011352418558736588,0.0011352418558736588,1.8267976997776714e-07,5.547666104277482e-09
features.11.conv.1.0,features.11,195,0.22893262511892457,0.23050842606867536,0.001575800949750794,0.001575800949750794,0.827492596248766,0.826061204343534,-0.0014313919052320045,0.0014313919052320045,7.484430142312704e-08,8.37670232067822e-08
features.11.conv.1.0,features.11,196,0.22893262511892457,0.23142481095303113,0.0024921858341065695,0.0024921858341065695,0.827492596248766,0.8263573543928924,-0.0011352418558736588,0.0011352418558736588,1.1685172296438395e-07,1.1213600381587696e-08
features.11.conv.1.0,features.11,197,0.22893262511892457,0.23202116488974941,0.0030885397708248497,0.0030885397708248497,0.827492596248766,0.8276406712734452,0.00014807502467917288,0.00014807502467917288,1.3487122885180725e-07,3.6705175565643344e-09
features.11.conv.1.0,features.11,198,0.22893262511892457,0.24160202096878244,0.012669395849857878,0.012669395849857878,0.827492596248766,0.8272458045409674,-0.0002467917077986215,0.0002467917077986215,6.261822704800579e-08,4.148249987956376e-08
features.11.conv.1.0,features.11,199,0.22893262511892457,0.22753268325164436,-0.0013999418672802078,0.0013999418672802078,0.827492596248766,0.8253208292201382,-0.002171767028627869,0.002171767028627869,2.0878657380762888e-07,2.6094984706404034e-07
features.11.conv.1.0,features.11,200,0.22893262511892457,0.23201410069879902,0.003081475579874454,0.003081475579874454,0.827492596248766,0.8270483711747285,-0.00044422507403751865,0.00044422507403751865,1.3880789140330307e-07,7.160532639050032e-09
features.11.conv.1.0,features.11,201,0.22893262511892457,0.2316437471859697,0.0027111220670451297,0.0027111220670451297,0.827492596248766,0.8270977295162882,-0.00039486673247779436,0.00039486673247779436,3.029526141062888e-08,1.7247727968072724e-08
features.11.conv.1.0,features.11,202,0.22893262511892457,0.2291363685099534,0.00020374339102882666,0.00020374339102882666,0.827492596248766,0.8273938795656466,-9.871668311944859e-05,9.871668311944859e-05,9.080552132445519e-08,7.745347363474764e-09
features.11.conv.1.0,features.11,203,0.22893262511892457,0.23134785279909575,0.002415227680171189,0.002415227680171189,0.827492596248766,0.8275419545903258,4.9358341559724295e-05,4.9358341559724295e-05,2.5587709728824848e-08,1.438136773557197e-08
features.11.conv.1.0,features.11,204,0.22893262511892457,0.22730580860632327,-0.001626816512601298,0.001626816512601298,0.827492596248766,0.8273938795656466,-9.871668311944859e-05,9.871668311944859e-05,1.0594514066042393e-07,1.3308297019953841e-08
features.11.conv.1.0,features.11,205,0.22893262511892457,0.23269523806841985,0.0037626129494952865,0.0037626129494952865,0.827492596248766,0.8273445212240869,-0.00014807502467917288,0.00014807502467917288,4.0785995025771626e-08,4.484267956961219e-09
features.11.conv.1.0,features.11,206,0.22893262511892457,0.22601877824873673,-0.002913846870187836,0.002913846870187836,0.827492596248766,0.8276406712734452,0.00014807502467917288,0.00014807502467917288,5.587607887491686e-08,3.3880359295856977e-08
features.11.conv.1.0,features.11,207,0.22893262511892457,0.23243867773419752,0.003506052615272953,0.003506052615272953,0.827492596248766,0.827492596248766,0.0,0.0,4.527394992237532e-08,4.910417021886104e-07
features.11.conv.1.0,features.11,208,0.22893262511892457,0.2335699740382579,0.004637348919333345,0.004637348919333345,0.827492596248766,0.827147087857848,-0.00034550839091807006,0.00034550839091807006,1.4549459592672065e-07,1.7217400891667012e-06
features.11.conv.1.0,features.11,209,0.22893262511892457,0.22850274782218058,-0.00042987729674398567,0.00042987729674398567,0.827492596248766,0.8279368213228036,0.00044422507403751865,0.00044422507403751865,3.3952016309513056e-08,6.0104306670583085e-09
features.11.conv.1.0,features.11,210,0.22893262511892457,0.23263722237729395,0.0037045972583693854,0.0037045972583693854,0.827492596248766,0.8268509378084896,-0.0006416584402764158,0.0006416584402764158,6.740542346506118e-08,4.2648835019143405e-08
features.11.conv.1.0,features.11,211,0.22893262511892457,0.22783514236597657,-0.0010974827529479925,0.0010974827529479925,0.827492596248766,0.8273938795656466,-9.871668311944859e-05,9.871668311944859e-05,3.8254047041164085e-08,3.1769841341011684e-09
features.11.conv.1.0,features.11,212,0.22893262511892457,0.22725799201850586,-0.0016746331004187098,0.0016746331004187098,0.827492596248766,0.8281836130306022,0.0006910167818361401,0.0006910167818361401,5.0725780909033347e-08,7.721202122112913e-09
features.11.conv.1.0,features.11,213,0.22893262511892457,0.2276291976950781,-0.0013034274238464538,0.0013034274238464538,0.827492596248766,0.8277393879565647,0.0002467917077986215,0.0002467917077986215,1.2350807310212986e-07,8.879120816374098e-08
features.11.conv.1.0,features.11,214,0.22893262511892457,0.23562310685337362,0.006690481734449055,0.006690481734449055,0.827492596248766,0.8263079960513326,-0.001184600197433383,0.001184600197433383,2.396151330685825e-07,6.47591860691854e-09
features.11.conv.1.0,features.11,215,0.22893262511892457,0.23167210977890257,0.002739484659978003,0.002739484659978003,0.827492596248766,0.8274432379072063,-4.9358341559724295e-05,4.9358341559724295e-05,2.0034275394209544e-07,4.222798610786782e-09
features.11.conv.1.0,features.11,216,0.22893262511892457,0.22602057929481972,-0.002912045824104842,0.002912045824104842,0.827492596248766,0.826061204343534,-0.0014313919052320045,0.0014313919052320045,6.37402237657625e-08,1.6174821215741986e-07
features.11.conv.1.0,features.11,217,0.22893262511892457,0.22910897498558525,0.00017634986666067998,0.00017634986666067998,0.827492596248766,0.8272951628825271,-0.00019743336623889718,0.00019743336623889718,4.253526242337102e-08,1.2853047959282549e-08
features.11.conv.1.0,features.11,218,0.22893262511892457,0.22784615986000478,-0.0010864652589197832,0.0010864652589197832,0.827492596248766,0.8266535044422507,-0.000839091806515313,0.000839091806515313,9.78734071566123e-09,9.518208013425955e-09
features.11.conv.1.0,features.11,219,0.22893262511892457,0.22553212757395846,-0.0034004975449661023,0.0034004975449661023,0.827492596248766,0.8277887462981244,0.00029615004935834577,0.00029615004935834577,9.575757076163427e-08,7.750875008483149e-08
features.11.conv.1.0,features.11,220,0.22893262511892457,0.24883085933043847,0.019898234211513904,0.019898234211513904,0.827492596248766,0.8264067127344521,-0.0010858835143139345,0.0010858835143139345,1.129778581798746e-07,5.925103527815168e-07
features.11.conv.1.0,features.11,221,0.22893262511892457,0.22499193612764531,-0.003940688991279251,0.003940688991279251,0.827492596248766,0.8273938795656466,-9.871668311944859e-05,9.871668311944859e-05,1.004296450446418e-07,8.118699645898175e-08
features.11.conv.1.0,features.11,222,0.22893262511892457,0.22090392456631797,-0.008028700552606599,0.008028700552606599,0.827492596248766,0.8282329713721619,0.0007403751233958644,0.0007403751233958644,1.1362349283672302e-07,1.0253671178794832e-07
features.11.conv.1.0,features.11,223,0.22893262511892457,0.2276131251989168,-0.0013194999200077662,0.0013194999200077662,0.827492596248766,0.8268509378084896,-0.0006416584402764158,0.0006416584402764158,6.373046090857315e-08,5.257351709531122e-08
features.11.conv.1.0,features.11,224,0.22893262511892457,0.22744050258844253,-0.0014921225304820318,0.0014921225304820318,0.827492596248766,0.8276900296150049,0.00019743336623889718,0.00019743336623889718,4.166590628074118e-08,6.417225279498062e-07
features.11.conv.1.0,features.11,225,0.22893262511892457,0.2261941822216229,-0.0027384428973016572,0.0027384428973016572,0.827492596248766,0.8282329713721619,0.0007403751233958644,0.0007403751233958644,3.6717622720061627e-07,1.2041408536944687e-08
features.11.conv.1.0,features.11,226,0.22893262511892457,0.23498217457656795,0.006049549457643383,0.006049549457643383,0.827492596248766,0.8269002961500493,-0.0005923000987166915,0.0005923000987166915,1.0955759677244714e-07,1.676795979843604e-08
features.11.conv.1.0,features.11,227,0.22893262511892457,0.22422769778598134,-0.004704927332943226,0.004704927332943226,0.827492596248766,0.8282329713721619,0.0007403751233958644,0.0007403751233958644,7.840920801527318e-08,3.939334386471316e-09
features.11.conv.1.0,features.11,228,0.22893262511892457,0.22677062100039813,-0.002162004118526434,0.002162004118526434,0.827492596248766,0.8272458045409674,-0.0002467917077986215,0.0002467917077986215,3.9625852821245644e-08,7.880532892912129e-09
features.11.conv.1.0,features.11,229,0.22893262511892457,0.22811438268316772,-0.0008182424357568441,0.0008182424357568441,0.827492596248766,0.8268015794669299,-0.0006910167818361401,0.0006910167818361401,2.5711557327667833e-08,1.3595691739087812e-08
features.11.conv.1.0,features.11,230,0.22893262511892457,0.22309114196526283,-0.005841483153661731,0.005841483153661731,0.827492596248766,0.8279861796643633,0.000493583415597243,0.000493583415597243,4.569853828684245e-08,2.2409369471176888e-08
features.11.conv.1.0,features.11,231,0.22893262511892457,0.22915146017435048,0.00021883505542591442,0.00021883505542591442,0.827492596248766,0.8275419545903258,4.9358341559724295e-05,4.9358341559724295e-05,1.418447084233776e-07,1.5618026094621484e-07
features.11.conv.1.0,features.11,232,0.22893262511892457,0.23433288378427974,0.005400258665355179,0.005400258665355179,0.827492596248766,0.8275913129318855,9.871668311944859e-05,9.871668311944859e-05,1.802424236529987e-07,4.433563327577161e-08
features.11.conv.1.0,features.11,233,0.22893262511892457,0.2268206726411086,-0.0021119524778159537,0.0021119524778159537,0.827492596248766,0.8278381046396841,0.00034550839091807006,0.00034550839091807006,8.817152519213778e-08,1.4189987851409569e-08
features.11.conv.1.0,features.11,234,0.22893262511892457,0.22463030626390929,-0.00430231885501528,0.00430231885501528,0.827492596248766,0.8272458045409674,-0.0002467917077986215,0.0002467917077986215,1.4715486429395241e-07,1.4969867923042557e-07
features.11.conv.1.0,features.11,235,0.22893262511892457,0.2156164161997924,-0.013316208919132155,0.013316208919132155,0.827492596248766,0.8234945705824285,-0.003998025666337557,0.003998025666337557,2.3968555140641e-08,1.2858969913320806e-06
features.11.conv.1.0,features.11,236,0.22893262511892457,0.22712891442581654,-0.0018037106931080293,0.0018037106931080293,0.827492596248766,0.8273445212240869,-0.00014807502467917288,0.00014807502467917288,5.981544859423593e-08,9.533242639747641e-09
features.11.conv.1.0,features.11,237,0.22893262511892457,0.2281516792257872,-0.0007809458931373747,0.0007809458931373747,0.827492596248766,0.8271964461994077,-0.00029615004935834577,0.00029615004935834577,7.487299313879703e-08,9.211387680396754e-08
features.11.conv.1.0,features.11,238,0.22893262511892457,0.2285262046204753,-0.0004064204984492725,0.0004064204984492725,0.827492596248766,0.8270483711747285,-0.00044422507403751865,0.00044422507403751865,1.9190925115708524e-07,9.721685267916058e-08
features.11.conv.1.0,features.11,239,0.22893262511892457,0.22909738734861532,0.00016476222969075138,0.00016476222969075138,0.827492596248766,0.827147087857848,-0.00034550839091807006,0.00034550839091807006,5.239517264499227e-08,5.377432082953604e-09
features.11.conv.1.0,features.11,240,0.22893262511892457,0.22599228192952828,-0.0029403431893962884,0.0029403431893962884,0.827492596248766,0.8272458045409674,-0.0002467917077986215,0.0002467917077986215,1.1841362379527709e-07,2.810303811884296e-08
features.11.conv.1.0,features.11,241,0.22893262511892457,0.2329079609469983,0.003975335828073745,0.003975335828073745,0.827492596248766,0.8272951628825271,-0.00019743336623889718,0.00019743336623889718,5.351089527039221e-08,4.811021714345998e-08
features.11.conv.1.0,features.11,242,0.22893262511892457,0.22538878463253031,-0.0035438404863942508,0.0035438404863942508,0.827492596248766,0.8279368213228036,0.00044422507403751865,0.00044422507403751865,5.113586354354993e-08,1.2520791736747583e-08
features.11.conv.1.0,features.11,243,0.22893262511892457,0.23473553746581066,0.005802912346886097,0.005802912346886097,0.827492596248766,0.826604146100691,-0.0008884501480750373,0.0008884501480750373,3.989581287555666e-08,3.721794450406435e-08
features.11.conv.1.0,features.11,244,0.22893262511892457,0.226942494286055,-0.0019901308328695577,0.0019901308328695577,0.827492596248766,0.8272951628825271,-0.00019743336623889718,0.00019743336623889718,1.0247940451790782e-07,1.2662170367772063e-08
features.11.conv.1.0,features.11,245,0.22893262511892457,0.23160891687057036,0.0026762917516457985,0.0026762917516457985,0.827492596248766,0.8275913129318855,9.871668311944859e-05,9.871668311944859e-05,8.522552974454811e-08,1.4441680529220235e-07
features.11.conv.1.0,features.11,246,0.22893262511892457,0.22888890110207963,-4.37240168449371e-05,4.37240168449371e-05,0.827492596248766,0.8265547877591313,-0.0009378084896347616,0.0009378084896347616,1.2282353623049858e-07,1.5619728621629747e-08
features.11.conv.1.0,features.11,247,0.22893262511892457,0.23728627799627816,0.008353652877353596,0.008353652877353596,0.827492596248766,0.8269990128331688,-0.000493583415597243,0.000493583415597243,1.0140453809981409e-07,1.6841039940374003e-07
features.11.conv.1.0,features.11,248,0.22893262511892457,0.22571809497204653,-0.0032145301468780307,0.0032145301468780307,0.827492596248766,0.827492596248766,0.0,0.0,1.2150206885053194e-07,9.049301974428658e-09
features.11.conv.1.0,features.11,249,0.22893262511892457,0.22385559044533387,-0.005077034673590691,0.005077034673590691,0.827492596248766,0.827492596248766,0.0,0.0,1.3886067051771533e-07,2.2406842214994782e-09
features.11.conv.1.0,features.11,250,0.22893262511892457,0.2288655388645229,-6.708625440166038e-05,6.708625440166038e-05,0.827492596248766,0.8269496544916091,-0.0005429417571569672,0.0005429417571569672,1.7124788698197335e-08,6.240358960130088e-08
features.11.conv.1.0,features.11,251,0.22893262511892457,0.22849104195323602,-0.0004415831656885416,0.0004415831656885416,0.827492596248766,0.8273445212240869,-0.00014807502467917288,0.00014807502467917288,6.283882925117723e-08,3.624993061279724e-08
features.11.conv.1.0,features.11,252,0.22893262511892457,0.22693199743463624,-0.0020006276842883253,0.0020006276842883253,0.827492596248766,0.8273445212240869,-0.00014807502467917288,0.00014807502467917288,1.1105793618071402e-07,1.8331194562293263e-07
features.11.conv.1.0,features.11,253,0.22893262511892457,0.2263419282192369,-0.002590696899687661,0.002590696899687661,0.827492596248766,0.827492596248766,0.0,0.0,1.166330676483085e-07,6.9656627132985705e-09
features.11.conv.1.0,features.11,254,0.22893262511892457,0.22810438244987288,-0.000828242669051682,0.000828242669051682,0.827492596248766,0.8273938795656466,-9.871668311944859e-05,9.871668311944859e-05,1.1383659881403219e-07,6.441958605440945e-09
features.11.conv.1.0,features.11,255,0.22893262511892457,0.2332125279834067,0.004279902864482127,0.004279902864482127,0.827492596248766,0.825172754195459,-0.002319842053307042,0.002319842053307042,1.432155016800607e-07,2.0029769354223959e-07
features.11.conv.1.0,features.11,256,0.22893262511892457,0.2241798282128197,-0.004752796906104861,0.004752796906104861,0.827492596248766,0.8279368213228036,0.00044422507403751865,0.00044422507403751865,8.335300805129009e-08,3.1422512369871924e-08
features.11.conv.1.0,features.11,257,0.22893262511892457,0.22993394612868975,0.0010013210097651881,0.0010013210097651881,0.827492596248766,0.8267028627838104,-0.0007897334649555887,0.0007897334649555887,8.324255418301618e-08,4.8638200134121234e-09
features.11.conv.1.0,features.11,258,0.22893262511892457,0.2297202751984776,0.0007876500795530317,0.0007876500795530317,0.827492596248766,0.8278381046396841,0.00034550839091807006,0.00034550839091807006,4.5030390083411476e-08,1.7997866474939173e-08
features.11.conv.1.0,features.11,259,0.22893262511892457,0.22789262947056557,-0.0010399956483589934,0.0010399956483589934,0.827492596248766,0.8275913129318855,9.871668311944859e-05,9.871668311944859e-05,3.323716413206057e-08,7.780390902378809e-08
features.11.conv.1.0,features.11,260,0.22893262511892457,0.22963226843179635,0.0006996433128717838,0.0006996433128717838,0.827492596248766,0.8277393879565647,0.0002467917077986215,0.0002467917077986215,7.352637254598449e-08,1.597224630334182e-08
features.11.conv.1.0,features.11,261,0.22893262511892457,0.23626087921779151,0.007328254098866949,0.007328254098866949,0.827492596248766,0.8264067127344521,-0.0010858835143139345,0.0010858835143139345,1.1915029318743109e-07,1.1199007654560944e-07
features.11.conv.1.0,features.11,262,0.22893262511892457,0.22133079528446511,-0.00760182983445945,0.00760182983445945,0.827492596248766,0.8282329713721619,0.0007403751233958644,0.0007403751233958644,1.9821405317088647e-07,1.3825829272562373e-06
features.11.conv.1.0,features.11,263,0.22893262511892457,0.23933863449251433,0.010406009373589764,0.010406009373589764,0.827492596248766,0.8265054294175715,-0.000987166831194486,0.000987166831194486,1.0262755978374116e-07,5.06340041006581e-08
features.11.conv.1.0,features.11,264,0.22893262511892457,0.2275717121087046,-0.0013609130102199551,0.0013609130102199551,0.827492596248766,0.8252714708785784,-0.0022211253701875933,0.0022211253701875933,2.315947433828569e-08,3.6756981791619125e-08
features.11.conv.1.0,features.11,265,0.22893262511892457,0.22927335667126753,0.00034073155234295993,0.00034073155234295993,0.827492596248766,0.827147087857848,-0.00034550839091807006,0.00034550839091807006,7.022988057769908e-08,1.4033982753680618e-08
features.11.conv.1.0,features.11,266,0.22893262511892457,0.22881087137491402,-0.00012175374401054984,0.00012175374401054984,0.827492596248766,0.8269990128331688,-0.000493583415597243,0.000493583415597243,1.3116454056216753e-07,6.759873327766286e-09
features.11.conv.1.0,features.11,267,0.22893262511892457,0.2194675091492509,-0.00946511596967367,0.00946511596967367,0.827492596248766,0.8271964461994077,-0.00029615004935834577,0.00029615004935834577,4.855225199662527e-08,7.519756173302028e-08
features.11.conv.1.0,features.11,268,0.22893262511892457,0.22835386187294304,-0.0005787632459815228,0.0005787632459815228,0.827492596248766,0.8269002961500493,-0.0005923000987166915,0.0005923000987166915,2.1663660731974232e-07,2.0673394929282551e-07
features.11.conv.1.0,features.11,269,0.22893262511892457,0.22252704264039413,-0.0064055824785304305,0.0064055824785304305,0.827492596248766,0.8279368213228036,0.00044422507403751865,0.00044422507403751865,6.271546482139456e-08,3.994458236400433e-09
features.11.conv.1.0,features.11,270,0.22893262511892457,0.23512114690932112,0.006188521790396556,0.006188521790396556,0.827492596248766,0.8270483711747285,-0.00044422507403751865,0.00044422507403751865,1.7847912658908172e-07,2.01645606878742e-08
features.11.conv.1.0,features.11,271,0.22893262511892457,0.22794033311603046,-0.0009922920028941074,0.0009922920028941074,0.827492596248766,0.8277393879565647,0.0002467917077986215,0.0002467917077986215,1.0486193957603973e-07,3.2146835748925184e-09
features.11.conv.1.0,features.11,272,0.22893262511892457,0.2278716831291903,-0.0010609419897342764,0.0010609419897342764,0.827492596248766,0.8273938795656466,-9.871668311944859e-05,9.871668311944859e-05,4.876366688222333e-08,2.484639952116119e-08
features.11.conv.1.0,features.11,273,0.22893262511892457,0.23894975964338505,0.010017134524460486,0.010017134524460486,0.827492596248766,0.8266535044422507,-0.000839091806515313,0.000839091806515313,1.6735623376007425e-07,8.858477618112204e-07
features.11.conv.1.0,features.11,274,0.22893262511892457,0.2281892175409669,-0.0007434075779576554,0.0007434075779576554,0.827492596248766,0.8276900296150049,0.00019743336623889718,0.00019743336623889718,6.27697218646972e-08,1.162035592749966e-09
features.11.conv.1.0,features.11,275,0.22893262511892457,0.2313925213825625,0.002459896263637934,0.002459896263637934,0.827492596248766,0.8278874629812438,0.00039486673247779436,0.00039486673247779436,1.2883417355169513e-07,9.182912197314153e-08
features.11.conv.1.0,features.11,276,0.22893262511892457,0.23069709499296623,0.0017644698740416631,0.0017644698740416631,0.827492596248766,0.8276406712734452,0.00014807502467917288,0.00014807502467917288,8.16999161656895e-08,3.856598176921189e-08
features.11.conv.1.0,features.11,277,0.22893262511892457,0.22104352220420517,-0.007889102914719393,0.007889102914719393,0.827492596248766,0.8278874629812438,0.00039486673247779436,0.00039486673247779436,2.963868794836344e-08,1.0333584277155694e-07
features.11.conv.1.0,features.11,278,0.22893262511892457,0.22923411585220113,0.00030149073327656595,0.00030149073327656595,0.827492596248766,0.827147087857848,-0.00034550839091807006,0.00034550839091807006,7.188848627492916e-08,4.747559984030758e-10
features.11.conv.1.0,features.11,279,0.22893262511892457,0.221838757117318,-0.007093868001606579,0.007093868001606579,0.827492596248766,0.8281342546890424,0.0006416584402764158,0.0006416584402764158,1.0990767407292878e-07,2.9794086420231736e-08
features.11.conv.1.0,features.11,280,0.22893262511892457,0.23001067707076725,0.0010780519518426845,0.0010780519518426845,0.827492596248766,0.8275913129318855,9.871668311944859e-05,9.871668311944859e-05,1.2869381293967308e-07,3.131555187385615e-08
features.11.conv.1.0,features.11,281,0.22893262511892457,0.22881494819958845,-0.00011767691933611824,0.00011767691933611824,0.827492596248766,0.827492596248766,0.0,0.0,1.5085028337580297e-08,1.4345008202132359e-09
features.11.conv.1.0,features.11,282,0.22893262511892457,0.22146136294157762,-0.007471262177346949,0.007471262177346949,0.827492596248766,0.8264560710760118,-0.0010365251727542102,0.0010365251727542102,1.1145718303851027e-07,1.0075735423775711e-07
features.11.conv.1.0,features.11,283,0.22893262511892457,0.22767426603487423,-0.0012583590840503367,0.0012583590840503367,0.827492596248766,0.8273445212240869,-0.00014807502467917288,0.00014807502467917288,3.426294199471158e-07,3.4990247976818267e-07
features.11.conv.1.0,features.11,284,0.22893262511892457,0.22968563184669508,0.000753006727770511,0.000753006727770511,0.827492596248766,0.8276406712734452,0.00014807502467917288,0.00014807502467917288,4.93624696673578e-08,2.5972068828927775e-08
features.11.conv.1.0,features.11,285,0.22893262511892457,0.23427761899548066,0.005344993876556098,0.005344993876556098,0.827492596248766,0.8263079960513326,-0.001184600197433383,0.001184600197433383,1.2873148591552308e-07,9.242789711372268e-08
features.11.conv.1.0,features.11,286,0.22893262511892457,0.22763590188149377,-0.0012967232374307969,0.0012967232374307969,0.827492596248766,0.8277887462981244,0.00029615004935834577,0.00029615004935834577,1.1526405785389215e-07,5.384823670295802e-09
features.11.conv.1.0,features.11,287,0.22893262511892457,0.22021727018016982,-0.008715354938754749,0.008715354938754749,0.827492596248766,0.8272951628825271,-0.00019743336623889718,0.00019743336623889718,1.0823136165072356e-07,1.9423707531274204e-08
features.11.conv.1.0,features.11,288,0.22893262511892457,0.22692628020195357,-0.0020063449169709924,0.0020063449169709924,0.827492596248766,0.8271964461994077,-0.00029615004935834577,0.00029615004935834577,1.3205325899434683e-07,2.9542042367936006e-08
features.11.conv.1.0,features.11,289,0.22893262511892457,0.2287309008563134,-0.00020172426261116927,0.00020172426261116927,0.827492596248766,0.8273445212240869,-0.00014807502467917288,0.00014807502467917288,8.86857733917168e-08,3.6416660575966375e-08
features.11.conv.1.0,features.11,290,0.22893262511892457,0.22007198644730666,-0.008860638671617904,0.008860638671617904,0.827492596248766,0.8273445212240869,-0.00014807502467917288,0.00014807502467917288,1.8425214420858538e-07,8.88109341623533e-09
features.11.conv.1.0,features.11,291,0.22893262511892457,0.23141711533497786,0.0024844902160532922,0.0024844902160532922,0.827492596248766,0.8270977295162882,-0.00039486673247779436,0.00039486673247779436,1.3343385774078342e-07,4.541636999810805e-08
features.11.conv.1.0,features.11,292,0.22893262511892457,0.22549901731335412,-0.003433607805570449,0.003433607805570449,0.827492596248766,0.8274432379072063,-4.9358341559724295e-05,4.9358341559724295e-05,2.098624634072621e-07,7.496514742300064e-08
features.11.conv.1.0,features.11,293,0.22893262511892457,0.23230344026893862,0.003370815150014056,0.003370815150014056,0.827492596248766,0.8268509378084896,-0.0006416584402764158,0.0006416584402764158,1.8736834306309902e-08,4.515450152675626e-08
features.11.conv.1.0,features.11,294,0.22893262511892457,0.22854106511054528,-0.0003915600083792825,0.0003915600083792825,0.827492596248766,0.8276900296150049,0.00019743336623889718,0.00019743336623889718,4.752953586262265e-08,1.6176253392341522e-08
features.11.conv.1.0,features.11,295,0.22893262511892457,0.22667939220810188,-0.002253232910822689,0.002253232910822689,0.827492596248766,0.828035538005923,0.0005429417571569672,0.0005429417571569672,2.0038735115690542e-08,7.571062166089604e-09
features.11.conv.1.0,features.11,296,0.22893262511892457,0.23091439083688553,0.001981765717960965,0.001981765717960965,0.827492596248766,0.8265547877591313,-0.0009378084896347616,0.0009378084896347616,8.92635370064454e-08,1.0455954552179847e-07
features.11.conv.1.0,features.11,297,0.22893262511892457,0.2292109655766506,0.00027834045772603955,0.00027834045772603955,0.827492596248766,0.8275913129318855,9.871668311944859e-05,9.871668311944859e-05,2.787465192000127e-08,3.361580336314063e-08
features.11.conv.1.0,features.11,298,0.22893262511892457,0.2283700234491576,-0.00056260166976696,0.00056260166976696,0.827492596248766,0.8279861796643633,0.000493583415597243,0.000493583415597243,6.286283849021856e-08,4.2653257870117756e-09
features.11.conv.1.0,features.11,299,0.22893262511892457,0.22987276537875131,0.0009401402598267494,0.0009401402598267494,0.827492596248766,0.8275913129318855,9.871668311944859e-05,9.871668311944859e-05,1.1294714852283505e-07,9.44379323630784e-08
features.11.conv.1.0,features.11,300,0.22893262511892457,0.23355478466237098,0.0046221595434464136,0.0046221595434464136,0.827492596248766,0.8279861796643633,0.000493583415597243,0.000493583415597243,1.327525609440272e-07,1.771255595528487e-07
features.11.conv.1.0,features.11,301,0.22893262511892457,0.2297442579290038,0.0008116328100792325,0.0008116328100792325,0.827492596248766,0.8276406712734452,0.00014807502467917288,0.00014807502467917288,3.6100768596725175e-08,3.218691618789293e-08
features.11.conv.1.0,features.11,302,0.22893262511892457,0.22691766370750413,-0.002014961411420435,0.002014961411420435,0.827492596248766,0.8272951628825271,-0.00019743336623889718,0.00019743336623889718,4.238457762539838e-08,5.857666340869372e-08
features.11.conv.1.0,features.11,303,0.22893262511892457,0.22803580515714422,-0.000896819961780343,0.000896819961780343,0.827492596248766,0.827492596248766,0.0,0.0,5.1460265382274883e-08,1.64811390646058e-08
features.11.conv.1.0,features.11,304,0.22893262511892457,0.22899461645721214,6.199133828757586e-05,6.199133828757586e-05,0.827492596248766,0.8277887462981244,0.00029615004935834577,0.00029615004935834577,9.965157943270242e-08,8.771812859409422e-10
features.11.conv.1.0,features.11,305,0.22893262511892457,0.23293511584955812,0.004002490730633551,0.004002490730633551,0.827492596248766,0.8268015794669299,-0.0006910167818361401,0.0006910167818361401,3.704608531052145e-08,5.5237708851407774e-08
features.11.conv.1.0,features.11,306,0.22893262511892457,0.23745916374949258,0.008526538630568015,0.008526538630568015,0.827492596248766,0.8254195459032576,-0.0020730503455084204,0.0020730503455084204,1.6635294741718099e-07,3.564135253597556e-08
features.11.conv.1.0,features.11,307,0.22893262511892457,0.2283051384746257,-0.0006274866442988747,0.0006274866442988747,0.827492596248766,0.8271964461994077,-0.00029615004935834577,0.00029615004935834577,5.239448697125226e-08,8.725011893528922e-09
features.11.conv.1.0,features.11,308,0.22893262511892457,0.22945736273844686,0.0005247376195222919,0.0005247376195222919,0.827492596248766,0.827492596248766,0.0,0.0,2.0694747249194734e-08,1.928834182651773e-09
features.11.conv.1.0,features.11,309,0.22893262511892457,0.22874409560572578,-0.00018852951319878186,0.00018852951319878186,0.827492596248766,0.8275913129318855,9.871668311944859e-05,9.871668311944859e-05,1.5605272096763656e-07,4.1305347475706355e-08
features.11.conv.1.0,features.11,310,0.22893262511892457,0.22545833232097648,-0.0034742927979480864,0.0034742927979480864,0.827492596248766,0.8278874629812438,0.00039486673247779436,0.00039486673247779436,1.0394170857352947e-07,9.598882910744067e-09
features.11.conv.1.0,features.11,311,0.22893262511892457,0.2208705831313865,-0.008062041987538071,0.008062041987538071,0.827492596248766,0.8283810463968411,0.0008884501480750373,0.0008884501480750373,2.0643092568661814e-08,7.546508423716958e-08
features.11.conv.1.0,features.11,312,0.22893262511892457,0.22978342605395863,0.0008508009350340628,0.0008508009350340628,0.827492596248766,0.8271964461994077,-0.00029615004935834577,0.00029615004935834577,3.8916322608884e-08,3.854908658951217e-08
features.11.conv.1.0,features.11,313,0.22893262511892457,0.232505212227272,0.0035725871083474303,0.0035725871083474303,0.827492596248766,0.8267028627838104,-0.0007897334649555887,0.0007897334649555887,1.9041806353925494e-07,2.295386413164735e-07
features.11.conv.1.0,features.11,314,0.22893262511892457,0.22785993255308906,-0.0010726925658355035,0.0010726925658355035,0.827492596248766,0.8267028627838104,-0.0007897334649555887,0.0007897334649555887,1.7473134050760564e-07,5.292551357172215e-07
features.11.conv.1.0,features.11,315,0.22893262511892457,0.23476851690053466,0.005835891781610092,0.005835891781610092,0.827492596248766,0.8261105626850938,-0.0013820335636722803,0.0013820335636722803,2.4370382334382157e-07,3.4855446262582745e-07
features.11.conv.1.0,features.11,316,0.22893262511892457,0.2236104702019993,-0.0053221549169252536,0.0053221549169252536,0.827492596248766,0.8271964461994077,-0.00029615004935834577,0.00029615004935834577,3.431849293633604e-08,9.558339675308503e-09
features.11.conv.1.0,features.11,317,0.22893262511892457,0.22489710213040914,-0.004035522988515422,0.004035522988515422,0.827492596248766,0.827492596248766,0.0,0.0,9.009982449015297e-08,1.8522242678509215e-07
features.11.conv.1.0,features.11,318,0.22893262511892457,0.2297849170922856,0.0008522919733610357,0.0008522919733610357,0.827492596248766,0.8265547877591313,-0.0009378084896347616,0.0009378084896347616,8.265924122952129e-08,4.719584778545283e-08
features.11.conv.1.0,features.11,319,0.22893262511892457,0.22574065058372328,-0.0031919745352012863,0.0031919745352012863,0.827492596248766,0.827492596248766,0.0,0.0,5.2977160436284976e-08,2.749507532762152e-08
features.11.conv.1.0,features.11,320,0.22893262511892457,0.22731478942102568,-0.0016178356978988895,0.0016178356978988895,0.827492596248766,0.8272458045409674,-0.0002467917077986215,0.0002467917077986215,4.904221029278233e-08,2.6838325339895164e-08
features.11.conv.1.0,features.11,321,0.22893262511892457,0.22915117684538555,0.00021855172646098597,0.00021855172646098597,0.827492596248766,0.8268509378084896,-0.0006416584402764158,0.0006416584402764158,4.7405510628095726e-08,2.6644214945470424e-08
features.11.conv.1.0,features.11,322,0.22893262511892457,0.23278525386173204,0.003852628742807479,0.003852628742807479,0.827492596248766,0.8265054294175715,-0.000987166831194486,0.000987166831194486,1.8620949049363844e-07,6.809080188574512e-09
features.11.conv.1.0,features.11,323,0.22893262511892457,0.22772405140108148,-0.001208573717843081,0.001208573717843081,0.827492596248766,0.8269990128331688,-0.000493583415597243,0.000493583415597243,4.244425966248855e-08,2.420404121572517e-08
features.11.conv.1.0,features.11,324,0.22893262511892457,0.22928257660422463,0.00034995148530006515,0.00034995148530006515,0.827492596248766,0.827492596248766,0.0,0.0,7.760572628967566e-08,1.922470779791574e-09
features.11.conv.1.0,features.11,325,0.22893262511892457,0.2303848959427111,0.0014522708237865445,0.0014522708237865445,0.827492596248766,0.8278874629812438,0.00039486673247779436,0.00039486673247779436,1.8611842733662343e-08,1.6453179735309575e-08
features.11.conv.1.0,features.11,326,0.22893262511892457,0.22490352695032917,-0.004029098168595396,0.004029098168595396,0.827492596248766,0.8284304047384008,0.0009378084896347616,0.0009378084896347616,2.1553643136940082e-07,2.9797056066982464e-07
features.11.conv.1.0,features.11,327,0.22893262511892457,0.2307328523240792,0.0018002272051546309,0.0018002272051546309,0.827492596248766,0.8269002961500493,-0.0005923000987166915,0.0005923000987166915,7.773384425036056e-08,1.3437436674479386e-07
features.11.conv.1.0,features.11,328,0.22893262511892457,0.22766192129134566,-0.0012707038275789062,0.0012707038275789062,0.827492596248766,0.8269990128331688,-0.000493583415597243,0.000493583415597243,9.287175828376348e-08,1.0252020371526172e-08
features.11.conv.1.0,features.11,329,0.22893262511892457,0.23053569455323142,0.001603069434306853,0.001603069434306853,0.827492596248766,0.826604146100691,-0.0008884501480750373,0.0008884501480750373,4.1632864622442867e-07,5.283174857595441e-07
features.11.conv.1.0,features.11,330,0.22893262511892457,0.23395660373106714,0.005023978612142571,0.005023978612142571,0.827492596248766,0.8270483711747285,-0.00044422507403751865,0.00044422507403751865,1.0614321155344442e-07,7.738440055415907e-09
features.11.conv.1.0,features.11,331,0.22893262511892457,0.2259461499604294,-0.0029864751584951776,0.0029864751584951776,0.827492596248766,0.8278874629812438,0.00039486673247779436,0.00039486673247779436,3.0458153332801885e-08,1.6484775100522597e-08
features.11.conv.1.0,features.11,332,0.22893262511892457,0.22860736710213989,-0.0003252580167846797,0.0003252580167846797,0.827492596248766,0.8275913129318855,9.871668311944859e-05,9.871668311944859e-05,3.5458757707829136e-08,1.917221589819995e-09
features.11.conv.1.0,features.11,333,0.22893262511892457,0.22866305268318848,-0.0002695724357360818,0.0002695724357360818,0.827492596248766,0.8272951628825271,-0.00019743336623889718,0.00019743336623889718,1.4568830408734357e-07,4.3462748400280304e-09
features.11.conv.1.0,features.11,334,0.22893262511892457,0.22890352776351697,-2.9097355407597947e-05,2.9097355407597947e-05,0.827492596248766,0.8280848963474827,0.0005923000987166915,0.0005923000987166915,8.456592581751465e-08,1.501379520707502e-09
features.11.conv.1.0,features.11,335,0.22893262511892457,0.23198073955510018,0.003048114436175614,0.003048114436175614,0.827492596248766,0.8278381046396841,0.00034550839091807006,0.00034550839091807006,2.1456504839534318e-07,4.090752558916222e-08
features.11.conv.1.0,features.11,336,0.22893262511892457,0.22675180853440308,-0.002180816584521489,0.002180816584521489,0.827492596248766,0.8277393879565647,0.0002467917077986215,0.0002467917077986215,2.5782098234117257e-08,2.1645080505727776e-08
features.11.conv.1.0,features.11,337,0.22893262511892457,0.2183893646513321,-0.010543260467592463,0.010543260467592463,0.827492596248766,0.8252221125370187,-0.0022704837117473176,0.0022704837117473176,1.9030417774956732e-07,3.289901555625363e-07
features.11.conv.1.0,features.11,338,0.22893262511892457,0.22963880752122157,0.0007061824022970009,0.0007061824022970009,0.827492596248766,0.8275419545903258,4.9358341559724295e-05,4.9358341559724295e-05,1.6579751616063731e-07,7.034688167539827e-07
features.11.conv.1.0,features.11,339,0.22893262511892457,0.22997820833905233,0.001045583220127766,0.001045583220127766,0.827492596248766,0.826604146100691,-0.0008884501480750373,0.0008884501480750373,1.3752257643773191e-07,1.1278121370139615e-07
features.11.conv.1.0,features.11,340,0.22893262511892457,0.23424560829506133,0.005312983176136765,0.005312983176136765,0.827492596248766,0.8270483711747285,-0.00044422507403751865,0.00044422507403751865,2.0654795207519783e-07,1.387675097053176e-08
features.11.conv.1.0,features.11,341,0.22893262511892457,0.22782255634633428,-0.0011100687725902891,0.0011100687725902891,0.827492596248766,0.8268509378084896,-0.0006416584402764158,0.0006416584402764158,1.186399956054629e-07,8.163151266060709e-09
features.11.conv.1.0,features.11,342,0.22893262511892457,0.23074501491615554,0.0018123897972309733,0.0018123897972309733,0.827492596248766,0.8272458045409674,-0.0002467917077986215,0.0002467917077986215,4.740543246839479e-08,6.344313063788576e-07
features.11.conv.1.0,features.11,343,0.22893262511892457,0.23765617876743392,0.008723553648509352,0.008723553648509352,0.827492596248766,0.826604146100691,-0.0008884501480750373,0.0008884501480750373,2.1033670805081783e-08,4.6146559995463576e-07
features.11.conv.1.0,features.11,344,0.22893262511892457,0.2272034169317758,-0.0017292081871487786,0.0017292081871487786,0.827492596248766,0.828035538005923,0.0005429417571569672,0.0005429417571569672,4.7208523312747275e-08,1.0806167627386287e-08
features.11.conv.1.0,features.11,345,0.22893262511892457,0.2291982858269767,0.0002656607080521456,0.0002656607080521456,0.827492596248766,0.8274432379072063,-4.9358341559724295e-05,4.9358341559724295e-05,6.902970284272669e-08,1.8056236616992294e-08
features.11.conv.1.0,features.11,346,0.22893262511892457,0.22912734083023517,0.00019471571131060572,0.00019471571131060572,0.827492596248766,0.8277393879565647,0.0002467917077986215,0.0002467917077986215,1.4235719447697193e-07,1.266954816059318e-08
features.11.conv.1.0,features.11,347,0.22893262511892457,0.22820784437049785,-0.0007247807484267177,0.0007247807484267177,0.827492596248766,0.8276900296150049,0.00019743336623889718,0.00019743336623889718,1.461130505475694e-08,4.0596048453411804e-08
features.11.conv.1.0,features.11,348,0.22893262511892457,0.2265853643402993,-0.0023472607786252653,0.0023472607786252653,0.827492596248766,0.8278381046396841,0.00034550839091807006,0.00034550839091807006,1.7281350039866084e-07,5.347609133288245e-09
features.11.conv.1.0,features.11,349,0.22893262511892457,0.23188883944234942,0.002956214323424855,0.002956214323424855,0.827492596248766,0.8270483711747285,-0.00044422507403751865,0.00044422507403751865,1.9285418773051788e-07,2.8487255221421037e-07
features.11.conv.1.0,features.11,350,0.22893262511892457,0.23310703633449084,0.004174411215566276,0.004174411215566276,0.827492596248766,0.8266535044422507,-0.000839091806515313,0.000839091806515313,6.139116237591224e-08,1.1958285939250857e-07
features.11.conv.1.0,features.11,351,0.22893262511892457,0.23178462786264697,0.0028520027437224094,0.0028520027437224094,0.827492596248766,0.8276406712734452,0.00014807502467917288,0.00014807502467917288,5.156008597850814e-08,1.0593867227903786e-08
features.11.conv.1.0,features.11,352,0.22893262511892457,0.2289040939439895,-2.853117493506474e-05,2.853117493506474e-05,0.827492596248766,0.8273938795656466,-9.871668311944859e-05,9.871668311944859e-05,9.097580289108009e-08,6.301762417448842e-09
features.11.conv.1.0,features.11,353,0.22893262511892457,0.2417982937957568,0.012865668676832226,0.012865668676832226,0.827492596248766,0.8261105626850938,-0.0013820335636722803,0.0013820335636722803,6.080961156840203e-08,5.296661336195996e-07
features.11.conv.1.0,features.11,354,0.22893262511892457,0.2295436888678678,0.0006110637489432358,0.0006110637489432358,0.827492596248766,0.827147087857848,-0.00034550839091807006,0.00034550839091807006,5.004076797376911e-08,3.652661492714593e-09
features.11.conv.1.0,features.11,355,0.22893262511892457,0.23309239309604898,0.004159767977124418,0.004159767977124418,0.827492596248766,0.8274432379072063,-4.9358341559724295e-05,4.9358341559724295e-05,4.501941219814398e-08,7.547170721711183e-09
features.11.conv.1.0,features.11,356,0.22893262511892457,0.22931029503295147,0.00037766991402690686,0.00037766991402690686,0.827492596248766,0.8267028627838104,-0.0007897334649555887,0.0007897334649555887,9.013128021706507e-08,3.398455206138351e-08
features.11.conv.1.0,features.11,357,0.22893262511892457,0.23024256580310065,0.0013099406841760863,0.0013099406841760863,0.827492596248766,0.8264067127344521,-0.0010858835143139345,0.0010858835143139345,2.0062607575255242e-07,3.6207913334251884e-09
features.11.conv.1.0,features.11,358,0.22893262511892457,0.23333762545102976,0.004405000332105197,0.004405000332105197,0.827492596248766,0.8269002961500493,-0.0005923000987166915,0.0005923000987166915,1.6569026684010169e-07,7.358240194932364e-08
features.11.conv.1.0,features.11,359,0.22893262511892457,0.22526124890565308,-0.0036713762132714878,0.0036713762132714878,0.827492596248766,0.8278381046396841,0.00034550839091807006,0.00034550839091807006,1.7295100462888513e-07,6.609243208277604e-09
features.11.conv.1.0,features.11,360,0.22893262511892457,0.24227265005804516,0.013340024939120593,0.013340024939120593,0.827492596248766,0.8270977295162882,-0.00039486673247779436,0.00039486673247779436,2.3207297772387392e-07,1.80550014938774e-08
features.11.conv.1.0,features.11,361,0.22893262511892457,0.23087834752250214,0.001945722403577571,0.001945722403577571,0.827492596248766,0.8269990128331688,-0.000493583415597243,0.000493583415597243,9.174404880241127e-08,9.658602750928225e-09
features.11.conv.1.0,features.11,362,0.22893262511892457,0.22658483973522056,-0.002347785383704004,0.002347785383704004,0.827492596248766,0.8269496544916091,-0.0005429417571569672,0.0005429417571569672,2.855877845320265e-08,7.505646576477787e-08
features.11.conv.1.0,features.11,363,0.22893262511892457,0.23307279719795326,0.004140172079028698,0.004140172079028698,0.827492596248766,0.8271964461994077,-0.00029615004935834577,0.00029615004935834577,7.964445813968268e-08,1.3562484746376668e-08
features.11.conv.1.0,features.11,364,0.22893262511892457,0.22559865594670453,-0.003333969172220036,0.003333969172220036,0.827492596248766,0.825715695952616,-0.0017769002961500746,0.0017769002961500746,2.2768134044781618e-08,3.3008402988699004e-07
features.11.conv.1.0,features.11,365,0.22893262511892457,0.2292568650442696,0.00032423992534502677,0.00032423992534502677,0.827492596248766,0.8276406712734452,0.00014807502467917288,0.00014807502467917288,2.2822042922143737e-08,6.636090635336878e-09
features.11.conv.1.0,features.11,366,0.22893262511892457,0.2294922202100947,0.0005595950911701231,0.0005595950911701231,0.827492596248766,0.8274432379072063,-4.9358341559724295e-05,4.9358341559724295e-05,2.5478628984387797e-08,3.0285838281685074e-09
features.11.conv.1.0,features.11,367,0.22893262511892457,0.22932608253873502,0.0003934574198104501,0.0003934574198104501,0.827492596248766,0.8270977295162882,-0.00039486673247779436,0.00039486673247779436,2.1065389432806114e-08,7.835142853962473e-09
features.11.conv.1.0,features.11,368,0.22893262511892457,0.23424658167934437,0.0053139565604198025,0.0053139565604198025,0.827492596248766,0.8267028627838104,-0.0007897334649555887,0.0007897334649555887,2.994780459175672e-07,2.0271941649774305e-06
features.11.conv.1.0,features.11,369,0.22893262511892457,0.2196985243476613,-0.00923410077126327,0.00923410077126327,0.827492596248766,0.8272458045409674,-0.0002467917077986215,0.0002467917077986215,8.506658843998594e-08,7.631141402120178e-08
features.11.conv.1.0,features.11,370,0.22893262511892457,0.24224027588706826,0.013307650768143692,0.013307650768143692,0.827492596248766,0.8256169792694965,-0.0018756169792695232,0.0018756169792695232,8.760892455939029e-08,4.6955302090978535e-08
features.11.conv.1.0,features.11,371,0.22893262511892457,0.22983480230885292,0.0009021771899283548,0.0009021771899283548,0.827492596248766,0.8270977295162882,-0.00039486673247779436,0.00039486673247779436,6.189066681372424e-08,4.4422107103869735e-08
features.11.conv.1.0,features.11,372,0.22893262511892457,0.23171351115214034,0.0027808860332157737,0.0027808860332157737,0.827492596248766,0.8265054294175715,-0.000987166831194486,0.000987166831194486,8.27750739063049e-08,2.424716898374868e-07
features.11.conv.1.0,features.11,373,0.22893262511892457,0.22396310404904657,-0.004969521069877997,0.004969521069877997,0.827492596248766,0.8254689042448173,-0.002023692003948696,0.002023692003948696,1.3986195313009375e-07,7.337189189549065e-08
features.11.conv.1.0,features.11,374,0.22893262511892457,0.22893048908568517,-2.1360332393971504e-06,2.1360332393971504e-06,0.827492596248766,0.8270977295162882,-0.00039486673247779436,0.00039486673247779436,1.2700411389232613e-07,2.240153702537384e-07
features.11.conv.1.0,features.11,375,0.22893262511892457,0.22226458209133057,-0.006668043027593995,0.006668043027593995,0.827492596248766,0.828035538005923,0.0005429417571569672,0.0005429417571569672,2.34782611130413e-08,2.1265323141284043e-08
features.11.conv.1.0,features.11,376,0.22893262511892457,0.23046188258004766,0.0015292574611230902,0.0015292574611230902,0.827492596248766,0.8269496544916091,-0.0005429417571569672,0.0005429417571569672,8.052347766351886e-08,3.104237507045582e-07
features.11.conv.1.0,features.11,377,0.22893262511892457,0.2327367480682919,0.003804122949367328,0.003804122949367328,0.827492596248766,0.826061204343534,-0.0014313919052320045,0.0014313919052320045,2.1230356139767537e-07,3.268097958919469e-08
features.11.conv.1.0,features.11,378,0.22893262511892457,0.2288768199787487,-5.580514017586302e-05,5.580514017586302e-05,0.827492596248766,0.8275419545903258,4.9358341559724295e-05,4.9358341559724295e-05,8.117785199601713e-08,1.1417182754769328e-09
features.11.conv.1.0,features.11,379,0.22893262511892457,0.23033761837911773,0.0014049932601931658,0.0014049932601931658,0.827492596248766,0.8275419545903258,4.9358341559724295e-05,4.9358341559724295e-05,1.5616882009794608e-08,5.918232064139328e-09
features.11.conv.1.0,features.11,380,0.22893262511892457,0.2296553460132354,0.0007227208943108299,0.0007227208943108299,0.827492596248766,0.8268509378084896,-0.0006416584402764158,0.0006416584402764158,3.9238884141923336e-08,2.480427108153549e-08
features.11.conv.1.0,features.11,381,0.22893262511892457,0.22709450886513594,-0.0018381162537886298,0.0018381162537886298,0.827492596248766,0.8278381046396841,0.00034550839091807006,0.00034550839091807006,9.643326137620534e-08,1.5838313216498534e-08
features.11.conv.1.0,features.11,382,0.22893262511892457,0.22814421660566023,-0.0007884085132643381,0.0007884085132643381,0.827492596248766,0.827147087857848,-0.00034550839091807006,0.00034550839091807006,7.589465411683705e-08,8.56749866884332e-09
features.11.conv.1.0,features.11,383,0.22893262511892457,0.2276884162834014,-0.001244208835523175,0.001244208835523175,0.827492596248766,0.8275913129318855,9.871668311944859e-05,9.871668311944859e-05,3.6961978366889525e-08,2.171515844917593e-08
